Question,Difficulty,Ground Truth SQL,Basic Predicted SQL,Advanced Predicted SQL,EX Basic,EX Advanced
"Consider the average difference between K-12 enrollment and 15-17 enrollment of schools that are locally funded, list the names and DOC type of schools which has a difference above this average.",challenging,"SELECT T2.School, T2.DOC FROM frpm AS T1 INNER JOIN schools AS T2 ON T1.CDSCode = T2.CDSCode WHERE T2.FundingType = 'Locally funded' AND (T1.`Enrollment (K-12)` - T1.`Enrollment (Ages 5-17)`) > (SELECT AVG(T3.`Enrollment (K-12)` - T3.`Enrollment (Ages 5-17)`) FROM frpm AS T3 INNER JOIN schools AS T4 ON T3.CDSCode = T4.CDSCode WHERE T4.FundingType = 'Locally funded')",NULL,"SELECT T2.School, T2.DOC FROM frpm AS T1 INNER JOIN schools AS T2 ON T1.CDSCode = T2.CDSCode WHERE T2.FundingType = 'Locally funded' AND (T1.`Enrollment (K-12)` - T1.`Enrollment (Ages 5-17)`) > (SELECT AVG(T3.`Enrollment (K-12)` - T3.`Enrollment (Ages 5-17)`) FROM frpm AS T3 INNER JOIN schools AS T4 ON T3.CDSCode = T4.CDSCode WHERE T4.FundingType = 'Locally funded')",0,1
Under whose administration is the school with the highest number of students scoring 1500 or more on the SAT? Indicate their full names.,challenging,"SELECT T2.AdmFName1, T2.AdmLName1, T2.AdmFName2, T2.AdmLName2, T2.AdmFName3, T2.AdmLName3 FROM satscores AS T1 INNER JOIN schools AS T2 ON T1.cds = T2.CDSCode ORDER BY T1.NumGE1500 DESC LIMIT 1",NULL,"SELECT T2.admfname1, T2.admlname1, T2.admfname2, T2.admlname2, T2.admfname3, T2.admlname3 FROM frpm AS T1 INNER JOIN schools AS T2 ON T1.cdscode = T2.cdscode WHERE T1.numtsttakr = (SELECT MAX(numtsttakr) FROM frpm) AND T1.numge1500 = (SELECT MAX(numge1500) FROM frpm)",0,0
What is the total number of non-chartered schools in the county of Los Angeles with a percent (%) of eligible free meals for grades 1 through 12 that is less than 0.18%?,challenging,SELECT COUNT(T2.School) FROM frpm AS T1 INNER JOIN schools AS T2 ON T1.CDSCode = T2.CDSCode WHERE T2.County = 'Los Angeles' AND T2.Charter = 0 AND CAST(T1.`Free Meal Count (K-12)` AS REAL) * 100 / T1.`Enrollment (K-12)` < 0.18,SELECT COUNT(*) FROM frpm AS T1 INNER JOIN schools AS T2 ON T1.cdscode = T2.cdscode WHERE T2.county = 'Los Angeles' AND T2.charter = 0 AND (T1.`Free Meal Count (K-12)` * 100 / T1.`Enrollment (K-12)`) < 0.18,SELECT COUNT(T2.School) FROM frpm AS T1 INNER JOIN schools AS T2 ON T1.CDSCode = T2.CDSCode WHERE T2.County = 'Los Angeles' AND T2.Charter = 0 AND CAST(T1.`Free Meal Count (K-12)` AS REAL) * 100 / T1.`Enrollment (K-12)` < 0.18,1,1
"Of the schools that offers a magnet program serving a grade span of Kindergarten to 8th grade, how many offers Multiple Provision Types? List the number of cities that offers a Kindergarten to 8th grade span and indicate how many schools are there serving such grade span for each city.",challenging,"SELECT T2.City, COUNT(T2.CDSCode) FROM frpm AS T1 INNER JOIN schools AS T2 ON T1.CDSCode = T2.CDSCode WHERE T2.Magnet = 1 AND T2.GSoffered = 'K-8' AND T1.`NSLP Provision Status` = 'Multiple Provision Types' GROUP BY T2.City",NULL,NULL,0,0
"What are the valid e-mail addresses of the administrator of the school located in the San Bernardino county, City of San Bernardino City Unified that opened between 1/1/2009 to 12/31/2010 whose school types are public Intermediate/Middle Schools and Unified Schools?",challenging,"SELECT T2.AdmEmail1, T2.AdmEmail2 FROM frpm AS T1 INNER JOIN schools AS T2 ON T1.CDSCode = T2.CDSCode WHERE T2.County = 'San Bernardino' AND T2.City = 'San Bernardino' AND T2.DOC = 54 AND strftime('%Y', T2.OpenDate) BETWEEN '2009' AND '2010' AND T2.SOC = 62","SELECT DISTINCT T1.admemail1, T1.admemail2, T1.admemail3 FROM schools AS T1 WHERE T1.county = 'San Bernardino' AND T1.city = 'San Bernardino' AND T1.opendate BETWEEN '2009-01-01' AND '2010-12-31' AND (T1.schooltype = 'Public Intermediate/Middle Schools' OR T1.schooltype = 'Unified Schools') AND (T1.SOC = 62 OR T1.DOC = 54)","SELECT T2.AdmEmail1, T2.AdmEmail2 FROM frpm AS T1 INNER JOIN schools AS T2 ON T1.CDSCode = T2.CDSCode WHERE T2.County = 'San Bernardino' AND T2.City = 'San Bernardino' AND T2.DOC = 54 AND strftime('%Y', T2.OpenDate) BETWEEN '2009' AND '2010' AND T2.SOC = 62",0,1
"List out the account numbers of female clients who are oldest and has lowest average salary, calculate the gap between this lowest average salary with the highest average salary?",challenging,"SELECT T1.account_id , ( SELECT MAX(A11) - MIN(A11) FROM district ) FROM account AS T1 INNER JOIN district AS T2 ON T1.district_id = T2.district_id INNER JOIN disp AS T3 ON T1.account_id = T3.account_id INNER JOIN client AS T4 ON T3.client_id = T4.client_id WHERE T2.district_id = ( SELECT district_id FROM client WHERE gender = 'F' ORDER BY birth_date ASC LIMIT 1 ) ORDER BY T2.A11 DESC LIMIT 1","select the first one. To find the average salary, we need to join the client table with the district table and calculate the average of the a11 column. To find the highest average salary, we need to use a subquery to find the maximum value of the a11 column. Finally, we need to calculate the gap between the highest and lowest average salary.  To find the oldest female client, we need to sort the clients by birth_date in ascending order and select the first one. To find the average salary, we need to join the client table with the district table and calculate the average of the a11 column. To find the highest average salary, we need to use a subquery to find the maximum value of the a11 column. Finally, we need to calculate the gap between the highest and lowest average salary.  To find the oldest female client, we need to sort the clients by birth_date in ascending order and select the first one. To find the average salary, we need to join the client table with the district table and calculate the average of the a11 column. To find the","SELECT T1.account_id, T3.a11 - (SELECT MIN(T3.a11) FROM client AS T2 INNER JOIN district AS T3 ON T2.district_id = T3.district_id WHERE T2.gender = 'F') AS gap FROM client AS T1 INNER JOIN district AS T3 ON T1.district_id = T3.district_id WHERE T1.gender = 'F' AND T1.birth_date = (SELECT MIN(T1.birth_date) FROM client AS T1 INNER JOIN district AS T3 ON T1.district_id = T3.district_id WHERE T1.gender = 'F')",0,0
"For the branch which located in the south Bohemia with biggest number of inhabitants, what is the percentage of the male clients?",challenging,SELECT CAST(SUM(T1.gender = 'M') AS REAL) * 100 / COUNT(T1.client_id) FROM client AS T1 INNER JOIN district AS T2 ON T1.district_id = T2.district_id WHERE T2.A3 = 'south Bohemia' GROUP BY T2.A4 ORDER BY T2.A4 DESC LIMIT 1,NULL,SELECT CAST(COUNT(CASE WHEN T1.gender = 'M' THEN 1 ELSE NULL END) AS REAL) * 100 / COUNT(T1.gender) FROM client AS T1 INNER JOIN district AS T2 ON T1.district_id = T2.district_id WHERE T2.a3 = 'South Bohemia' ORDER BY T2.a4 DESC LIMIT 1,0,0
"For the client whose loan was approved first in 1993/7/5, what is the increase rate of his/her account balance from 1993/3/22 to 1998/12/27?",challenging,"SELECT CAST((SUM(IIF(T3.date = '1998-12-27', T3.balance, 0)) - SUM(IIF(T3.date = '1993-03-22', T3.balance, 0))) AS REAL) * 100 / SUM(IIF(T3.date = '1993-03-22', T3.balance, 0)) FROM loan AS T1 INNER JOIN account AS T2 ON T1.account_id = T2.account_id INNER JOIN trans AS T3 ON T3.account_id = T2.account_id WHERE T1.date = '1993-07-05'",NULL,NULL,0,0
"For loans contracts which are still running where client are in debt, list the district of the and the state the percentage unemployment rate increment from year 1995 to 1996.",challenging,SELECT CAST((T3.A13 - T3.A12) AS REAL) * 100 / T3.A12 FROM loan AS T1 INNER JOIN account AS T2 ON T1.account_id = T2.account_id INNER JOIN district AS T3 ON T2.district_id = T3.district_id WHERE T1.status = 'D',"SELECT T2.a12, T2.a13, (T2.a13 - T2.a12) / T2.a12 * 100 FROM district AS T2 INNER JOIN loan AS T1 ON T1.status = 'D' INNER JOIN account AS T3 ON T3.account_id = T1.account_id INNER JOIN client AS T4 ON T4.client_id = T3.client_id INNER JOIN disp AS T5 ON T5.account_id = T3.account_id INNER JOIN district AS T6 ON T6.district_id = T4.district_id WHERE T1.status = 'D' AND T4.district_id = T6.district_id","SELECT T1.a2, T1.a3, ((T1.a13 - T1.a12) / T1.a12) * 100 FROM district AS T1 INNER JOIN client AS T2 ON T1.district_id = T2.district_id INNER JOIN loan AS T3 ON T2.client_id = T3.client_id WHERE T3.status = 'D'",0,0
"Please list the account types that are not eligible for loans, and the average income of residents in the district where the account is located exceeds $8000 but is no more than $9000.",challenging,SELECT T3.type FROM district AS T1 INNER JOIN account AS T2 ON T1.district_id = T2.district_id INNER JOIN disp AS T3 ON T2.account_id = T3.account_id WHERE T3.type != 'OWNER' AND T1.A11 BETWEEN 8000 AND 9000,SELECT T1.type FROM card AS T1 JOIN account AS T2 ON T1.account_id = T2.account_id JOIN district AS T3 ON T2.district_id = T3.district_id WHERE T1.type != 'OWNER' AND T3.a11 BETWEEN 8000 AND 9000,NULL,0,0
What was the growth rate of the total amount of loans across all accounts for a male client between 1996 and 1997?,challenging,"SELECT CAST((SUM(CASE WHEN STRFTIME('%Y', T1.date) = '1997' THEN T1.amount ELSE 0 END) - SUM(CASE WHEN STRFTIME('%Y', T1.date) = '1996' THEN T1.amount ELSE 0 END)) AS REAL) * 100 / SUM(CASE WHEN STRFTIME('%Y', T1.date) = '1996' THEN T1.amount ELSE 0 END) FROM loan AS T1 INNER JOIN account AS T2 ON T1.account_id = T2.account_id INNER JOIN disp AS T3 ON T3.account_id = T2.account_id INNER JOIN client AS T4 ON T4.client_id = T3.client_id WHERE T4.gender = 'M' AND T3.type = 'OWNER'",NULL,"SELECT ((SUM(CASE WHEN strftime('%Y', T1.date) = '1997' THEN T1.amount ELSE 0 END) - SUM(CASE WHEN strftime('%Y', T1.date) = '1996' THEN T1.amount ELSE 0 END)) / SUM(CASE WHEN strftime('%Y', T1.date) = '1996' THEN T1.amount ELSE 0 END)) * 100 FROM loan AS T1 INNER JOIN disp AS T2 ON T1.account_id = T2.account_id INNER JOIN client AS T3 ON T2.client_id = T3.client_id WHERE T3.gender = 'M'",0,0
How often does account number 3 request an account statement to be released? What was the aim of debiting 3539 in total?,challenging,"SELECT T1.frequency, T2.k_symbol FROM account AS T1 INNER JOIN (SELECT account_id, k_symbol, SUM(amount) AS total_amount FROM `order` GROUP BY account_id, k_symbol) AS T2 ON T1.account_id = T2.account_id WHERE T1.account_id = 3 AND T2.total_amount = 3539","SELECT COUNT(*) , SUM(amount) FROM trans WHERE account_id = 3 AND k_symbol = '3539' AND type = 'W' AND operation = 'Vydání' AND bank = '0100' AND account = '3539' AND date LIKE '%/%/2021' AND date LIKE '%/%/2022' AND date LIKE '%/%/2023' AND date LIKE '%/%/2024' AND date LIKE '%/%/2025' AND date LIKE '%/%/2026' AND date LIKE '%/%/2027' AND date LIKE '%/%/2028' AND date LIKE '%/%/2029' AND date LIKE '%/%/2030' AND date LIKE '%/%/2031' AND date LIKE '%/%/2032' AND date LIKE '%/%/2033' AND date LIKE '%/%/203","SELECT T1.frequency, T2.k_symbol FROM account AS T1 INNER JOIN trans AS T2 ON T1.account_id = T2.account_id WHERE T1.account_id = 3 AND T2.operation = 'statement' AND T2.amount = 3539",0,0
On average how many carcinogenic molecules are single bonded?,challenging,"SELECT AVG(single_bond_count) FROM (SELECT T3.molecule_id, COUNT(T1.bond_type) AS single_bond_count FROM bond AS T1  INNER JOIN atom AS T2 ON T1.molecule_id = T2.molecule_id INNER JOIN molecule AS T3 ON T3.molecule_id = T2.molecule_id WHERE T1.bond_type = '-' AND T3.label = '+' GROUP BY T3.molecule_id) AS subquery",SELECT CAST(SUM(CASE WHEN T2.bond_type = '-' THEN 1 ELSE 0 END) AS REAL) / COUNT(T1.atom_id) FROM atom AS T1 INNER JOIN bond AS T2 ON T1.molecule_id = T2.molecule_id INNER JOIN molecule AS T3 ON T1.molecule_id = T3.molecule_id WHERE T3.label = '+',SELECT AVG(CASE WHEN T2.bond_type = '-' THEN 1 ELSE 0 END) FROM molecule AS T1 INNER JOIN bond AS T2 ON T1.molecule_id = T2.molecule_id WHERE T1.label = '+',0,0
What elements are in the TR004_8_9 bond atoms?,challenging,SELECT DISTINCT T1.element FROM atom AS T1 INNER JOIN connected AS T2 ON T1.atom_id = T2.atom_id WHERE T2.bond_id = 'TR004_8_9',NULL,SELECT T1.element FROM atom AS T1 INNER JOIN connected AS T2 ON T1.atom_id = T2.atom_id WHERE T2.bond_id = 'TR004_8_9',0,1
What elements are in a double type bond?,challenging,SELECT DISTINCT T1.element FROM atom AS T1 INNER JOIN bond AS T2 ON T1.molecule_id = T2.molecule_id INNER JOIN connected AS T3 ON T1.atom_id = T3.atom_id WHERE T2.bond_type = '=',NULL,SELECT DISTINCT T1.element FROM atom AS T1 INNER JOIN bond AS T2 ON T1.molecule_id = T2.molecule_id WHERE T2.bond_type = '=',0,0
Which element is the least numerous in non-carcinogenic molecules?,challenging,"SELECT T.element FROM (SELECT T1.element, COUNT(DISTINCT T1.molecule_id) FROM atom AS T1 INNER JOIN molecule AS T2 ON T1.molecule_id = T2.molecule_id WHERE T2.label = '-' GROUP BY T1.element ORDER BY COUNT(DISTINCT T1.molecule_id) ASC LIMIT 1) t",Select the element with the least count.  SQLite Query: SELECT T2.element FROM molecule AS T1 JOIN atom AS T2 ON T1.molecule_id = T2.molecule_id WHERE T1.label = '-' GROUP BY T2.element ORDER BY COUNT(T2.element) ASC LIMIT 1,NULL,0,0
How many atoms with iodine and with sulfur type elements are there in single bond molecules?,challenging,"SELECT COUNT(DISTINCT CASE WHEN T1.element = 'i' THEN T1.atom_id ELSE NULL END) AS iodine_nums , COUNT(DISTINCT CASE WHEN T1.element = 's' THEN T1.atom_id ELSE NULL END) AS sulfur_nums FROM atom AS T1 INNER JOIN connected AS T2 ON T1.atom_id = T2.atom_id INNER JOIN bond AS T3 ON T2.bond_id = T3.bond_id WHERE T3.bond_type = '-'","SELECT COUNT(DISTINCT T1.atom_id) FROM atom AS T1 JOIN molecule AS T2 ON T1.molecule_id = T2.molecule_id JOIN bond AS T3 ON T1.molecule_id = T3.molecule_id WHERE T1.element IN ('i', 's') AND T3.bond_type = '-' AND T2.label LIKE '%single%' AND T1.atom_id IN ( SELECT T4.atom_id FROM connected AS T4 WHERE T4.bond_id IN ( SELECT T5.bond_id FROM bond AS T5 WHERE T5.bond_type = '-' ) ) AND T1.atom_id IN ( SELECT T6.atom_id FROM connected AS T6 WHERE T6.bond_id IN ( SELECT T7.bond_id FROM bond AS T7 WHERE T7.bond_type = '-' ) ) AND T1.atom_id IN ( SELECT T8.atom_id FROM connected AS T8 WHERE T8.bond_id IN ( SELECT T9.bond_id FROM bond AS T9 WHERE T9.bond_type = '-' ) ) AND T1.atom_id IN ( SELECT T10.atom_id",SELECT COUNT(DISTINCT T1.atom_id) FROM atom AS T1 INNER JOIN bond AS T2 ON T1.molecule_id = T2.molecule_id WHERE T1.element = 'i' AND T2.bond_type = '-' OR T1.element = 's' AND T2.bond_type = '-',0,0
What percentage of carcinogenic-type molecules does not contain fluorine?,challenging,SELECT CAST(COUNT(DISTINCT CASE WHEN T1.element <> 'f' THEN T2.molecule_id ELSE NULL END) AS REAL) * 100 / COUNT(DISTINCT T2.molecule_id) FROM atom AS T1 INNER JOIN molecule AS T2 ON T1.molecule_id = T2.molecule_id WHERE T2.label = '+',SELECT CAST(SUM(CASE WHEN T1.element = 'f' THEN 1 ELSE 0 END) AS REAL) * 100 / COUNT(DISTINCT T1.atom_id) AS percentage FROM atom AS T1 JOIN molecule AS T2 ON T1.molecule_id = T2.molecule_id WHERE T2.label = '+',SELECT CAST(SUM(CASE WHEN T1.element = 'f' THEN 1 ELSE 0 END) AS REAL) * 100 / COUNT(DISTINCT T1.molecule_id) FROM atom AS T1 INNER JOIN molecule AS T2 ON T1.molecule_id = T2.molecule_id WHERE T2.label = '+',0,0
What is the percentage of carcinogenic molecules in triple type bonds?,challenging,SELECT CAST(COUNT(DISTINCT CASE WHEN T2.label = '+' THEN T2.molecule_id ELSE NULL END) AS REAL) * 100 / COUNT(DISTINCT T2.molecule_id) FROM atom AS T1 INNER JOIN molecule AS T2 ON T1.molecule_id = T2.molecule_id INNER JOIN bond AS T3 ON T2.molecule_id = T3.molecule_id WHERE T3.bond_type = '#',NULL,SELECT CAST(SUM(CASE WHEN T2.bond_type = '#' THEN 1 ELSE 0 END) AS REAL) * 100 / COUNT(T2.bond_id) FROM molecule AS T1 INNER JOIN bond AS T2 ON T1.molecule_id = T2.molecule_id WHERE T1.label = '+',0,0
Please list top three elements of the toxicology of the molecule TR000 in alphabetical order.,challenging,SELECT DISTINCT T.element FROM atom AS T WHERE T.molecule_id = 'TR000' ORDER BY T.element LIMIT 3,SELECT T1.element FROM atom AS T1 JOIN molecule AS T2 ON T1.molecule_id = T2.molecule_id WHERE T2.label = 'TR000' ORDER BY T1.element ASC LIMIT 3,SELECT T1.element FROM atom AS T1 INNER JOIN connected AS T2 ON T1.atom_id = T2.atom_id INNER JOIN molecule AS T3 ON T3.molecule_id = T2.molecule_id WHERE T3.label = 'TR000' ORDER BY T1.element ASC LIMIT 3,0,0
What are the elements of the toxicology and label of molecule TR060?,challenging,"SELECT DISTINCT T1.element, T2.label FROM atom AS T1 INNER JOIN molecule AS T2 ON T1.molecule_id = T2.molecule_id WHERE T2.molecule_id = 'TR060'",NULL,"SELECT T1.element, T3.label FROM atom AS T1 INNER JOIN connected AS T2 ON T1.atom_id = T2.atom_id INNER JOIN molecule AS T3 ON T2.molecule_id = T3.molecule_id WHERE T2.molecule_id = 'TR060'",0,0
Which bond type accounted for the majority of the bonds found in molecule TR010 and state whether or not this molecule is carcinogenic?,challenging,"SELECT T.bond_type FROM ( SELECT T1.bond_type, COUNT(T1.molecule_id) FROM bond AS T1  WHERE T1.molecule_id = 'TR010' GROUP BY T1.bond_type ORDER BY COUNT(T1.molecule_id) DESC LIMIT 1 ) AS T",NULL,"SELECT T2.bond_type, COUNT(T2.bond_type) AS num FROM bond AS T2 INNER JOIN molecule AS T3 ON T2.molecule_id = T3.molecule_id WHERE T3.label = 'TR010' GROUP BY T2.bond_type ORDER BY num DESC LIMIT 1",0,0
"List all the elements of the toxicology of the molecule ""TR004"".",challenging,SELECT DISTINCT T.element FROM atom AS T WHERE T.molecule_id = 'TR004',SELECT T1.element FROM atom AS T1 JOIN molecule AS T2 ON T1.molecule_id = T2.molecule_id WHERE T2.label = 'TR004' AND T1.element = 'Toxicology',SELECT T1.element FROM atom AS T1 INNER JOIN connected AS T2 ON T1.atom_id = T2.atom_id INNER JOIN molecule AS T3 ON T3.molecule_id = T2.molecule_id WHERE T3.label = 'TR004',0,0
List all the elements of atoms that can not bond with any other atoms.,challenging,SELECT DISTINCT T.element FROM atom AS T WHERE T.element NOT IN ( SELECT DISTINCT T1.element FROM atom AS T1 INNER JOIN connected AS T2 ON T1.atom_id = T2.atom_id ),SELECT element FROM atom WHERE atom_id NOT IN ( SELECT atom_id FROM connected ) AND atom_id NOT IN ( SELECT atom_id2 FROM connected ) ,SELECT element FROM atom WHERE atom_id NOT IN (SELECT atom_id FROM connected),0,0
What are the elements of the atoms of TR144_8_19?,challenging,SELECT T2.element FROM connected AS T1 INNER JOIN atom AS T2 ON T1.atom_id = T2.atom_id WHERE T1.bond_id = 'TR144_8_19',SELECT T1.element FROM atom AS T1 JOIN connected AS T2 ON T1.atom_id = T2.atom_id WHERE T2.bond_id = 'TR144_8_19',SELECT T1.element FROM atom AS T1 INNER JOIN connected AS T2 ON T1.atom_id = T2.atom_id WHERE T2.bond_id = 'TR144_8_19',1,1
List the elements of all the triple bonds.,challenging,SELECT DISTINCT T3.element FROM bond AS T1 INNER JOIN connected AS T2 ON T1.bond_id = T2.bond_id INNER JOIN atom AS T3 ON T2.atom_id = T3.atom_id WHERE T1.bond_type = '#',SELECT T1.element FROM atom AS T1 JOIN bond AS T2 ON T1.molecule_id = T2.molecule_id WHERE T2.bond_type = '#',NULL,0,0
What is the composition of element chlorine in percentage among the single bond molecules?,challenging,"SELECT CAST(COUNT(CASE WHEN T.element = 'cl' THEN T.atom_id ELSE NULL END) AS REAL) * 100 / COUNT(T.atom_id) FROM ( SELECT T1.atom_id, T1.element FROM atom AS T1 INNER JOIN molecule AS T2 ON T1.molecule_id = T2.molecule_id INNER JOIN bond AS T3 ON T2.molecule_id = T3.molecule_id WHERE T3.bond_type = '-' ) AS T",NULL,SELECT CAST(SUM(CASE WHEN T1.element = 'cl' THEN 1 ELSE 0 END) AS REAL) * 100 / COUNT(T1.element_id) FROM atom AS T1 INNER JOIN bond AS T2 ON T1.molecule_id = T2.molecule_id WHERE T2.bond_type = '-',0,0
What are the elements for bond id TR001_10_11?,challenging,SELECT T2.element FROM connected AS T1 INNER JOIN atom AS T2 ON T1.atom_id = T2.atom_id WHERE T1.bond_id = 'TR001_10_11',SELECT T1.element FROM atom AS T1 JOIN connected AS T2 ON T1.atom_id = T2.atom_id WHERE T2.bond_id = 'TR001_10_11',SELECT T1.element FROM atom AS T1 INNER JOIN connected AS T2 ON T1.atom_id = T2.atom_id WHERE T2.bond_id = 'TR001_10_11',1,1
What are the toxicology elements associated with bond ID TR000_1_2?,challenging,SELECT T1.element FROM atom AS T1 INNER JOIN connected AS T2 ON T1.atom_id = T2.atom_id WHERE T2.bond_id = 'TR000_1_2',NULL,SELECT T1.element FROM atom AS T1 INNER JOIN connected AS T2 ON T1.atom_id = T2.atom_id WHERE T2.bond_id = 'TR000_1_2',0,1
Tally the toxicology element of the 4th atom of each molecule that was carcinogenic.,challenging,"SELECT DISTINCT T1.element FROM atom AS T1 INNER JOIN molecule AS T2 ON T1.molecule_id = T2.molecule_id WHERE T2.label = '+' AND SUBSTR(T1.atom_id, -1) = '4' AND LENGTH(T1.atom_id) = 7",SELECT T1.element FROM atom AS T1 JOIN molecule AS T2 ON T1.molecule_id = T2.molecule_id WHERE T2.label = '+' AND T1.atom_id LIKE '4%' GROUP BY T1.element,"SELECT T1.element FROM atom AS T1 INNER JOIN molecule AS T2 ON T1.molecule_id = T2.molecule_id INNER JOIN connected AS T3 ON T1.atom_id = T3.atom_id WHERE T2.label = '+' AND T3.bond_type = 'single' AND T1.atom_id = SUBSTR(T1.atom_id, 7, 1) = '4'",0,0
What is the ratio of Hydrogen elements in molecule ID TR006? List the ratio with its label.,challenging,"WITH SubQuery AS (SELECT DISTINCT T1.atom_id, T1.element, T1.molecule_id, T2.label FROM atom AS T1 INNER JOIN molecule AS T2 ON T1.molecule_id = T2.molecule_id WHERE T2.molecule_id = 'TR006') SELECT CAST(COUNT(CASE WHEN element = 'h' THEN atom_id ELSE NULL END) AS REAL) / (CASE WHEN COUNT(atom_id) = 0 THEN NULL ELSE COUNT(atom_id) END) AS ratio, label FROM SubQuery GROUP BY label",NULL,"SELECT CAST(SUM(CASE WHEN T1.element = 'h' THEN 1 ELSE 0 END) AS REAL) / COUNT(T1.element) AS ratio ,  CASE WHEN T2.label = '+' THEN 'Carcinogenic' WHEN T2.label = '-' THEN 'Non-Carcinogenic' END AS label FROM atom AS T1 INNER JOIN molecule AS T2 ON T1.molecule_id = T2.molecule_id WHERE T1.molecule_id = 'TR006'",0,0
Name chemical elements that form a bond TR001_10_11.,challenging,SELECT T1.element FROM atom AS T1 INNER JOIN connected AS T2 ON T1.atom_id = T2.atom_id INNER JOIN bond AS T3 ON T2.bond_id = T3.bond_id WHERE T3.bond_id = 'TR001_10_11',SELECT T1.element FROM atom AS T1 JOIN connected AS T2 ON T1.atom_id = T2.atom_id WHERE T2.bond_id = 'TR001_10_11',NULL,1,0
Which toxic element can be found in the molecule TR151?,challenging,SELECT DISTINCT T.element FROM atom AS T WHERE T.molecule_id = 'TR151',NULL,"SELECT T1.element FROM atom AS T1 INNER JOIN molecule AS T2 ON T1.molecule_id = T2.molecule_id WHERE T2.label = 'TR151' AND T1.element IN ('br', 'cl', 'pb', 'sn')",0,0
Name the elements that comprise the atoms of bond TR001_2_4.,challenging,SELECT DISTINCT T1.element FROM atom AS T1 INNER JOIN connected AS T2 ON T1.atom_id = T2.atom_id WHERE T2.bond_id = 'TR001_2_4',SELECT T1.element FROM atom AS T1 JOIN connected AS T2 ON T1.atom_id = T2.atom_id WHERE T2.bond_id = 'TR001_2_4',SELECT T1.element FROM atom AS T1 INNER JOIN connected AS T2 ON T1.atom_id = T2.atom_id WHERE T2.bond_id = 'TR001_2_4',1,1
List all carcinogenic molecules and their elements.,challenging,"SELECT DISTINCT T2.molecule_id, T1.element FROM atom AS T1 INNER JOIN molecule AS T2 ON T1.molecule_id = T2.molecule_id WHERE T2.label = '+'","SELECT T1.label, T2.element FROM molecule AS T1 JOIN atom AS T2 ON T1.molecule_id = T2.molecule_id WHERE T1.label = '+' AND T2.element IN ('cl', 'c', 'h', 'o', 's', 'n', 'p', 'na', 'br', 'f', 'i', 'sn', 'pb', 'te', 'ca')","SELECT T1.label, T2.element FROM molecule AS T1 INNER JOIN atom AS T2 ON T1.molecule_id = T2.molecule_id WHERE T1.label = '+' AND T2.element IN ('cl', 'c', 'h', 'o', 's', 'n', 'p', 'na', 'br', 'f', 'i', 'sn', 'pb', 'te', 'ca')",0,0
Which molecules have triple bonds and list all the elements they contain.,challenging,"SELECT DISTINCT T1.molecule_id, T2.element FROM bond AS T1 INNER JOIN atom AS T2 ON T1.molecule_id = T2.molecule_id WHERE T1.bond_type = '#'","SELECT T1.label, T2.element FROM molecule AS T1 JOIN atom AS T2 ON T1.molecule_id = T2.molecule_id JOIN bond AS T3 ON T1.molecule_id = T3.molecule_id WHERE T3.bond_type = '#' AND T2.element IN ('cl', 'c', 'h', 'o', 's', 'n', 'p', 'na', 'br', 'f', 'i', 'sn', 'pb', 'te', 'ca')",SELECT T1.label FROM molecule AS T1 INNER JOIN bond AS T2 ON T1.molecule_id = T2.molecule_id WHERE T2.bond_type = '#' GROUP BY T1.label ORDER BY COUNT(DISTINCT T1.element) DESC LIMIT 1,0,0
Name the atoms' elements that form bond TR000_2_3.,challenging,SELECT T2.element FROM connected AS T1 INNER JOIN atom AS T2 ON T1.atom_id = T2.atom_id WHERE T1.bond_id = 'TR000_2_3',SELECT T1.element FROM atom AS T1 JOIN connected AS T2 ON T1.atom_id = T2.atom_id WHERE T2.bond_id = 'TR000_2_3',SELECT T1.element FROM atom AS T1 INNER JOIN connected AS T2 ON T1.atom_id = T2.atom_id WHERE T2.bond_id = 'TR000_2_3',1,1
How many elements are contained in bond_id TR001_3_4?,challenging,SELECT COUNT(DISTINCT T1.element) FROM atom AS T1 INNER JOIN connected AS T2 ON T1.atom_id = T2.atom_id WHERE T2.bond_id = 'TR001_3_4',"SELECT COUNT(*) FROM atom WHERE molecule_id IN ( SELECT molecule_id FROM bond WHERE bond_id = 'TR001_3_4' ) AND element IN ( 'cl', 'c', 'h', 'o', 's', 'n', 'p', 'na', 'br', 'f', 'i', 'sn', 'pb', 'te', 'ca' )",SELECT COUNT(DISTINCT T1.element) FROM atom AS T1 INNER JOIN connected AS T2 ON T1.atom_id = T2.atom_id WHERE T2.bond_id = 'TR001_3_4',0,1
What is the element of toxicology for the atom with the ID of TR000_1?,challenging,SELECT T.element FROM atom AS T WHERE T.atom_id = 'TR000_1',NULL,SELECT element FROM atom WHERE atom_id = 'TR000_1',0,1
"List all the elements with double bond, consisted in molecule TR024.",challenging,SELECT T1.element FROM atom AS T1 INNER JOIN bond AS T2 ON T1.molecule_id = T2.molecule_id WHERE T1.molecule_id = 'TR024' AND T2.bond_type = '=',SELECT T1.element FROM atom AS T1 JOIN bond AS T2 ON T1.molecule_id = T2.molecule_id JOIN connected AS T3 ON T1.atom_id = T3.atom_id WHERE T2.bond_type = '=' AND T1.molecule_id = ( SELECT molecule_id FROM molecule WHERE label = 'TR024' ) GROUP BY T1.element,SELECT T1.element FROM atom AS T1 INNER JOIN connected AS T2 ON T1.atom_id = T2.atom_id INNER JOIN bond AS T3 ON T2.bond_id = T3.bond_id WHERE T3.bond_type = '=' AND T1.molecule_id = 'TR024',0,0
Calculate the percentage of carcinogenic molecules with triple bonded Hidrogen atoms.,challenging,SELECT CAST(SUM(CASE WHEN T1.label = '+' THEN 1 ELSE 0 END) AS REAL) * 100 / COUNT(DISTINCT T1.molecule_id) FROM molecule AS T1 INNER JOIN atom AS T2 ON T1.molecule_id = T2.molecule_id INNER JOIN bond AS T3 ON T1.molecule_id = T3.molecule_id WHERE T3.bond_type = '#' AND T2.element = 'h',SELECT CAST(SUM(CASE WHEN T1.label = '+' THEN 1 ELSE 0 END) AS REAL) * 100 / COUNT(T1.molecule_id) FROM molecule AS T1 INNER JOIN atom AS T2 ON T1.molecule_id = T2.molecule_id INNER JOIN bond AS T3 ON T1.molecule_id = T3.molecule_id WHERE T2.element = 'h' AND T3.bond_type = '#' AND T1.label = '+',SELECT CAST(SUM(CASE WHEN T2.label = '+' THEN 1 ELSE 0 END) AS REAL) * 100 / COUNT(T1.molecule_id) FROM bond AS T1 INNER JOIN molecule AS T2 ON T1.molecule_id = T2.molecule_id INNER JOIN atom AS T3 ON T1.molecule_id = T3.molecule_id WHERE T3.element = 'h' AND T1.bond_type = '#',1,0
What is the element with the atom ID of TR004_7 in molecule that is not carcinogenic?,challenging,SELECT T1.element FROM atom AS T1 INNER JOIN molecule AS T2 ON T1.molecule_id = T2.molecule_id WHERE T1.atom_id = 'TR004_7' AND T2.label = '-',NULL,SELECT T1.element FROM atom AS T1 INNER JOIN molecule AS T2 ON T1.molecule_id = T2.molecule_id WHERE T1.atom_id = 'TR004_7' AND T2.label = '-',0,1
List the element and bond type included in the molecule with molecule ID of TR002.,challenging,"SELECT DISTINCT T1.element, T2.bond_type FROM atom AS T1 INNER JOIN bond AS T2 ON T1.molecule_id = T2.molecule_id WHERE T1.molecule_id = 'TR002'","SELECT T1.element, T2.bond_type FROM atom AS T1 JOIN bond AS T2 ON T1.molecule_id = T2.molecule_id WHERE T1.molecule_id = 'TR002' AND T2.molecule_id = 'TR002'","SELECT T1.element, T2.bond_type FROM atom AS T1 INNER JOIN bond AS T2 ON T1.molecule_id = T2.molecule_id WHERE T1.molecule_id = 'TR002'",1,1
What is the percentage of cards whose language is French among the Story Spotlight cards?,challenging,SELECT CAST(SUM(CASE WHEN T2.language = 'French' THEN 1 ELSE 0 END) AS REAL) * 100 / COUNT(T1.id) FROM cards AS T1 INNER JOIN foreign_data AS T2 ON T1.uuid = T2.uuid WHERE T1.isStorySpotlight = 1,SELECT CAST(SUM(CASE WHEN T1.language = 'French' THEN 1 ELSE 0 END) AS REAL) * 100 / COUNT(T1.id) FROM foreign_data AS T1 INNER JOIN cards AS T2 ON T1.uuid = T2.uuid WHERE T2.isStorySpotlight = 1,SELECT CAST(SUM(CASE WHEN T2.language = 'French' THEN 1 ELSE 0 END) AS REAL) * 100 / COUNT(T1.id) FROM cards AS T1 INNER JOIN foreign_data AS T2 ON T1.id = T2.id WHERE T1.isStorySpotlight = 1,1,0
What percentage of cards with format commander and legal status do not have a content warning?,challenging,SELECT CAST(SUM(CASE WHEN T1.hasContentWarning = 0 THEN 1 ELSE 0 END) AS REAL) * 100 / COUNT(T1.id) FROM cards AS T1 INNER JOIN legalities AS T2 ON T1.uuid = T2.uuid WHERE T2.format = 'commander' AND T2.status = 'Legal',SELECT CAST(SUM(CASE WHEN hasContentWarning = 0 THEN 1 ELSE 0 END) AS REAL) * 100 / COUNT(*) FROM cards AS T1 INNER JOIN legalities AS T2 ON T1.id = T2.uuid WHERE T2.format = 'commander' AND T2.Status = 'legal',SELECT CAST(COUNT(CASE WHEN hasContentWarning = 0 THEN 1 ELSE NULL END) AS REAL) * 100 / COUNT(ID) FROM cards AS T1 INNER JOIN legalities AS T2 ON T1.id = T2.uuid WHERE T2.format = 'commander' AND T2.Status = 'legal',0,0
What percentage of cards without power are in French?,challenging,SELECT CAST(SUM(CASE WHEN T2.language = 'French' THEN 1 ELSE 0 END) AS REAL) * 100 / COUNT(T1.id) FROM cards AS T1 INNER JOIN foreign_data AS T2 ON T1.uuid = T2.uuid WHERE T1.power IS NULL OR T1.power = '*',SELECT CAST(SUM(CASE WHEN T1.language = 'French' THEN 1 ELSE 0 END) AS REAL) * 100 / COUNT(*) FROM foreign_data AS T1 INNER JOIN cards AS T2 ON T1.uuid = T2.uuid WHERE T2.power IS NULL OR T2.power = '*',SELECT CAST(SUM(CASE WHEN T1.language = 'French' THEN 1 ELSE 0 END) AS REAL) * 100 / COUNT(*) FROM foreign_data AS T1 INNER JOIN cards AS T2 ON T1.multiverseid = T2.multiverseid WHERE T2.power IS NULL OR T2.power = '*',1,0
Which set is not available outside of the United States and has foil cards with Japanese writing on them? Please include the set ID in your response.,challenging,"SELECT T1.name, T1.id FROM sets AS T1 INNER JOIN set_translations AS T2 ON T1.code = T2.setCode WHERE T2.language = 'Japanese' AND T1.isFoilOnly = 1 AND T1.isForeignOnly = 0",NULL,NULL,0,0
"Which of these artists have designed a card in the set Coldsnap, Jeremy Jarvis, Aaron Miller or Chippy?",challenging,SELECT T1.artist FROM cards AS T1 INNER JOIN sets AS T2 ON T2.code = T1.setCode WHERE (T2.name = 'Coldsnap' AND T1.artist = 'Chippy') OR (T2.name = 'Coldsnap' AND T1.artist = 'Aaron Miller') OR (T2.name = 'Coldsnap' AND T1.artist = 'Jeremy Jarvis') GROUP BY T1.artist,NULL,NULL,0,0
What is the percentage of incredibly powerful cards in the set Coldsnap?,challenging,SELECT CAST(SUM(CASE WHEN T1.cardKingdomFoilId IS NOT NULL AND T1.cardKingdomId IS NOT NULL THEN 1 ELSE 0 END) AS REAL) * 100 / COUNT(T1.id) FROM cards AS T1 INNER JOIN sets AS T2 ON T2.code = T1.setCode WHERE T2.name = 'Coldsnap',SELECT CAST(SUM(CASE WHEN cardKingdomFoilId IS NOT NULL AND cardKingdomId IS NOT NULL THEN 1 ELSE 0 END) AS REAL) * 100 / COUNT(name) FROM cards WHERE setcode = 'Coldsnap' AND name = 'Coldsnap',SELECT CAST(SUM(CASE WHEN cardKingdomFoilId IS NOT NULL AND cardKingdomId IS NOT NULL THEN 1 ELSE 0 END) AS REAL) * 100 / COUNT(name) FROM cards WHERE name = 'Coldsnap',0,0
For all cards illustrated by Jim Pavelec. and describe the text of the ruling of these cards. Do these cards have missing or degraded properties and values.,challenging,"SELECT T2.text , CASE WHEN T1.hasContentWarning = 1 THEN 'YES' ELSE 'NO' END FROM cards AS T1 INNER JOIN rulings AS T2 ON T2.uuid = T1.uuid WHERE T1.artist = 'Jim Pavelec'",NULL,NULL,0,0
