Question,Db_Id,hardness,Gold,Repeated,Without Description,With Description,EM Without,EX Without,EM With,EX With,Without - Most Frequent Query,With - Most Frequent Query,Consistency-EM-Without,Consistency-EX-Without,Consistency-EM-With,Consistency-EX-With
"For each stadium, how many concerts play there?",concert_singer,medium,"SELECT T2.name ,  count(*) FROM concert AS T1 JOIN stadium AS T2 ON T1.stadium_id  =  T2.stadium_id GROUP BY T1.stadium_id",7,"SELECT s.name, COUNT(c.concert_id) as num_of_concerts FROM stadium s LEFT JOIN concert c ON s.stadium_id = c.stadium_id GROUP BY s.name
SELECT s.name, COUNT(c.concert_id) as num_of_concerts FROM stadium s LEFT JOIN concert c ON s.stadium_id = c.stadium_id GROUP BY s.name
SELECT s.name, COUNT(c.concert_id) as num_of_concerts FROM stadium s LEFT JOIN concert c ON s.stadium_id = c.stadium_id GROUP BY s.name
SELECT s.name, COUNT(c.concert_id) as num_of_concerts FROM stadium s LEFT JOIN concert c ON s.stadium_id = c.stadium_id GROUP BY s.name
SELECT s.name, COUNT(c.concert_id) as num_of_concerts FROM stadium s LEFT JOIN concert c ON s.stadium_id = c.stadium_id GROUP BY s.name
SELECT s.name, COUNT(c.concert_id) as num_of_concerts FROM stadium s LEFT JOIN concert c ON s.stadium_id = c.stadium_id GROUP BY s.name
SELECT s.name, COUNT(c.concert_id) as num_of_concerts FROM stadium s LEFT JOIN concert c ON s.stadium_id = c.stadium_id GROUP BY s.name","SELECT s.name, COUNT(c.concert_id) as num_of_concerts FROM stadium s LEFT JOIN concert c ON s.stadium_id = c.stadium_id GROUP BY s.name
SELECT s.name, COUNT(c.concert_id) as num_of_concerts FROM stadium s LEFT JOIN concert c ON s.stadium_id = c.stadium_id GROUP BY s.name
SELECT s.name, COUNT(c.concert_id) as num_of_concerts FROM stadium s LEFT JOIN concert c ON s.stadium_id = c.stadium_id GROUP BY s.name
SELECT s.name, COUNT(c.concert_id) as num_of_concerts FROM stadium s LEFT JOIN concert c ON s.stadium_id = c.stadium_id GROUP BY s.name
SELECT s.name, COUNT(c.concert_id) as num_of_concerts FROM stadium s LEFT JOIN concert c ON s.stadium_id = c.stadium_id GROUP BY s.name
SELECT s.name, COUNT(c.concert_id) as num_of_concerts FROM stadium s LEFT JOIN concert c ON s.stadium_id = c.stadium_id GROUP BY s.name
SELECT s.name, COUNT(c.concert_id) as num_of_concerts FROM stadium s LEFT JOIN concert c ON s.stadium_id = c.stadium_id GROUP BY s.name",0,0,0,0,"SELECT s.name, COUNT(c.concert_id) as num_of_concerts FROM stadium s LEFT JOIN concert c ON s.stadium_id = c.stadium_id GROUP BY s.name","SELECT s.name, COUNT(c.concert_id) as num_of_concerts FROM stadium s LEFT JOIN concert c ON s.stadium_id = c.stadium_id GROUP BY s.name",0,0,0,0
"What is the average, minimum, and maximum age for all French singers?",concert_singer,medium,"SELECT avg(age) ,  min(age) ,  max(age) FROM singer WHERE country  =  'France'",7,"SELECT AVG(age), MIN(age), MAX(age)  FROM singer  WHERE country = 'France'
SELECT AVG(age), MIN(age), MAX(age)  FROM singer  WHERE country = 'France'
SELECT AVG(age), MIN(age), MAX(age)  FROM singer  WHERE country = 'France'
SELECT AVG(age), MIN(age), MAX(age)  FROM singer  WHERE country = 'France'
SELECT AVG(age), MIN(age), MAX(age)  FROM singer  WHERE country = 'France'
SELECT AVG(age), MIN(age), MAX(age)  FROM singer  WHERE country = 'France'
SELECT AVG(age), MIN(age), MAX(age)  FROM singer  WHERE country = 'France'","SELECT AVG(age), MIN(age), MAX(age)  FROM singer  WHERE country = 'France'
SELECT AVG(age), MIN(age), MAX(age)  FROM singer  WHERE country = 'France'
SELECT AVG(age), MIN(age), MAX(age)  FROM singer  WHERE country = 'France'
SELECT AVG(age), MIN(age), MAX(age)  FROM singer  WHERE country = 'France'
SELECT AVG(age), MIN(age), MAX(age)  FROM singer  WHERE country = 'France'
SELECT AVG(age), MIN(age), MAX(age)  FROM singer  WHERE country = 'France'
SELECT AVG(age), MIN(age), MAX(age)  FROM singer  WHERE country = 'France'",1,1,1,1,"SELECT AVG(age), MIN(age), MAX(age)  FROM singer  WHERE country = 'France'","SELECT AVG(age), MIN(age), MAX(age)  FROM singer  WHERE country = 'France'",1,1,1,1
What are the number of concerts that occurred in the stadium with the largest capacity ?,concert_singer,hard,select count(*) from concert where stadium_id = (select stadium_id from stadium order by capacity desc limit 1),7,"SELECT COUNT(c.concert_id)  FROM concert AS c  JOIN stadium AS s ON c.stadium_id = s.stadium_id  WHERE s.capacity = (SELECT MAX(capacity) FROM stadium)
SELECT COUNT(c.concert_id)  FROM concert AS c  JOIN stadium AS s ON c.stadium_id = s.stadium_id  WHERE s.capacity = (SELECT MAX(capacity) FROM stadium)
SELECT COUNT(c.concert_id)  FROM concert AS c  JOIN stadium AS s ON c.stadium_id = s.stadium_id  WHERE s.capacity = (SELECT MAX(capacity) FROM stadium)
SELECT COUNT(c.concert_id)  FROM concert AS c  JOIN stadium AS s ON c.stadium_id = s.stadium_id  WHERE s.capacity = (SELECT MAX(capacity) FROM stadium)
SELECT COUNT(c.concert_id)  FROM concert AS c  JOIN stadium AS s ON c.stadium_id = s.stadium_id  WHERE s.capacity = (SELECT MAX(capacity) FROM stadium)
SELECT COUNT(c.concert_id)  FROM concert AS c  JOIN stadium AS s ON c.stadium_id = s.stadium_id  WHERE s.capacity = (SELECT MAX(capacity) FROM stadium)
SELECT COUNT(c.concert_id)  FROM concert AS c  JOIN stadium AS s ON c.stadium_id = s.stadium_id  WHERE s.capacity = (SELECT MAX(capacity) FROM stadium)","SELECT COUNT(*)  FROM concert  WHERE stadium_id =      (SELECT stadium_id       FROM stadium       ORDER BY capacity DESC       LIMIT 1)
SELECT COUNT(*)  FROM concert  WHERE stadium_id =      (SELECT stadium_id       FROM stadium       ORDER BY capacity DESC       LIMIT 1)
SELECT COUNT(*)  FROM concert  WHERE stadium_id =      (SELECT stadium_id       FROM stadium       ORDER BY capacity DESC       LIMIT 1)
SELECT COUNT(*)  FROM concert  WHERE stadium_id =      (SELECT stadium_id       FROM stadium       ORDER BY capacity DESC       LIMIT 1)
SELECT COUNT(*)  FROM concert  WHERE stadium_id =      (SELECT stadium_id       FROM stadium       ORDER BY capacity DESC       LIMIT 1)
SELECT COUNT(*)  FROM concert  WHERE stadium_id =      (SELECT stadium_id       FROM stadium       ORDER BY capacity DESC       LIMIT 1)
SELECT COUNT(*)  FROM concert  WHERE stadium_id =      (SELECT stadium_id       FROM stadium       ORDER BY capacity DESC       LIMIT 1)",0,1,1,1,SELECT COUNT(c.concert_id)  FROM concert AS c  JOIN stadium AS s ON c.stadium_id = s.stadium_id  WHERE s.capacity = (SELECT MAX(capacity) FROM stadium),SELECT COUNT(*)  FROM concert  WHERE stadium_id =      (SELECT stadium_id       FROM stadium       ORDER BY capacity DESC       LIMIT 1),0,1,1,1
"What are the names , themes , and number of singers for every concert ?",concert_singer,medium,"select t2.concert_name ,  t2.theme ,  count(*) from singer_in_concert as t1 join concert as t2 on t1.concert_id  =  t2.concert_id group by t2.concert_id",7,"SELECT c.concert_name, c.theme, COUNT(sic.singer_id) as num_singers FROM concert c JOIN singer_in_concert sic ON c.concert_id = sic.concert_id GROUP BY c.concert_id
SELECT c.concert_name, c.theme, COUNT(sic.singer_id) as num_singers FROM concert c JOIN singer_in_concert sic ON c.concert_id = sic.concert_id GROUP BY c.concert_id
SELECT c.concert_name, c.theme, COUNT(sic.singer_id) as num_singers FROM concert c JOIN singer_in_concert sic ON c.concert_id = sic.concert_id GROUP BY c.concert_id
SELECT c.concert_name, c.theme, COUNT(sic.singer_id) as num_singers FROM concert c JOIN singer_in_concert sic ON c.concert_id = sic.concert_id GROUP BY c.concert_id
SELECT c.concert_name, c.theme, COUNT(sic.singer_id) as num_singers FROM concert c JOIN singer_in_concert sic ON c.concert_id = sic.concert_id GROUP BY c.concert_id
SELECT c.concert_name, c.theme, COUNT(sic.singer_id) as num_singers FROM concert c JOIN singer_in_concert sic ON c.concert_id = sic.concert_id GROUP BY c.concert_id
SELECT c.concert_name, c.theme, COUNT(sic.singer_id) as num_singers FROM concert c JOIN singer_in_concert sic ON c.concert_id = sic.concert_id GROUP BY c.concert_id","SELECT c.concert_name, c.theme, COUNT(sic.singer_id) as num_singers FROM concert c JOIN singer_in_concert sic ON c.concert_id = sic.concert_id GROUP BY c.concert_id
SELECT c.concert_name, c.theme, COUNT(sic.singer_id) as num_singers FROM concert c JOIN singer_in_concert sic ON c.concert_id = sic.concert_id GROUP BY c.concert_id
SELECT c.concert_name, c.theme, COUNT(sic.singer_id) as num_singers FROM concert c JOIN singer_in_concert sic ON c.concert_id = sic.concert_id GROUP BY c.concert_id
SELECT c.concert_name, c.theme, COUNT(sic.singer_id) as num_singers FROM concert c JOIN singer_in_concert sic ON c.concert_id = sic.concert_id GROUP BY c.concert_id
SELECT c.concert_name, c.theme, COUNT(sic.singer_id) as num_singers FROM concert c JOIN singer_in_concert sic ON c.concert_id = sic.concert_id GROUP BY c.concert_id
SELECT c.concert_name, c.theme, COUNT(sic.singer_id) as num_singers FROM concert c JOIN singer_in_concert sic ON c.concert_id = sic.concert_id GROUP BY c.concert_id
SELECT c.concert_name, c.theme, COUNT(sic.singer_id) as num_singers FROM concert c JOIN singer_in_concert sic ON c.concert_id = sic.concert_id GROUP BY c.concert_id",0,1,0,1,"SELECT c.concert_name, c.theme, COUNT(sic.singer_id) as num_singers FROM concert c JOIN singer_in_concert sic ON c.concert_id = sic.concert_id GROUP BY c.concert_id","SELECT c.concert_name, c.theme, COUNT(sic.singer_id) as num_singers FROM concert c JOIN singer_in_concert sic ON c.concert_id = sic.concert_id GROUP BY c.concert_id",0,1,0,1
How many singers are from each country?,concert_singer,medium,"SELECT country ,  count(*) FROM singer GROUP BY country",7,"SELECT country, COUNT(*) as num_singers FROM singer GROUP BY country
SELECT country, COUNT(*) as num_singers FROM singer GROUP BY country
SELECT country, COUNT(*) as num_singers FROM singer GROUP BY country
SELECT country, COUNT(*) as num_singers FROM singer GROUP BY country
SELECT country, COUNT(*) as num_singers FROM singer GROUP BY country
SELECT country, COUNT(*) as num_singers FROM singer GROUP BY country
SELECT country, COUNT(*) as num_singers FROM singer GROUP BY country","SELECT country, COUNT(*) as num_singers FROM singer GROUP BY country
SELECT country, COUNT(*) as num_singers FROM singer GROUP BY country
SELECT country, COUNT(*) as num_singers FROM singer GROUP BY country
SELECT country, COUNT(*) as num_singers FROM singer GROUP BY country
SELECT country, COUNT(*) as num_singers FROM singer GROUP BY country
SELECT country, COUNT(*) as num_singers FROM singer GROUP BY country
SELECT country, COUNT(*) as num_singers FROM singer GROUP BY country",0,1,0,1,"SELECT country, COUNT(*) as num_singers FROM singer GROUP BY country","SELECT country, COUNT(*) as num_singers FROM singer GROUP BY country",0,1,0,1
Show the stadium name and capacity with most number of concerts in year 2014 or after.,concert_singer,extra,"SELECT T2.name ,  T2.capacity FROM concert AS T1 JOIN stadium AS T2 ON T1.stadium_id  =  T2.stadium_id WHERE T1.year  >=  2014 GROUP BY T2.stadium_id ORDER BY count(*) DESC LIMIT 1",7,"SELECT s.name, s.capacity  FROM stadium AS s  JOIN (SELECT c.stadium_id, COUNT(*) AS num_concerts        FROM concert AS c        WHERE c.year >= 2014        GROUP BY c.stadium_id        ORDER BY num_concerts DESC        LIMIT 1) AS subquery  ON s.stadium_id = subquery.stadium_id
SELECT s.name, s.capacity  FROM stadium AS s  JOIN (SELECT c.stadium_id, COUNT(*) AS num_concerts        FROM concert AS c        WHERE c.year >= 2014        GROUP BY c.stadium_id        ORDER BY num_concerts DESC        LIMIT 1) AS subquery  ON s.stadium_id = subquery.stadium_id
SELECT s.name, s.capacity  FROM stadium AS s  JOIN (SELECT c.stadium_id, COUNT(*) AS num_concerts        FROM concert AS c        WHERE c.year >= 2014        GROUP BY c.stadium_id        ORDER BY num_concerts DESC        LIMIT 1) AS subquery  ON s.stadium_id = subquery.stadium_id
SELECT s.name, s.capacity  FROM stadium AS s  JOIN (SELECT c.stadium_id, COUNT(*) AS num_concerts        FROM concert AS c        WHERE c.year >= 2014        GROUP BY c.stadium_id        ORDER BY num_concerts DESC        LIMIT 1) AS subquery  ON s.stadium_id = subquery.stadium_id
SELECT s.name, s.capacity  FROM stadium AS s  JOIN (SELECT c.stadium_id, COUNT(*) AS num_concerts        FROM concert AS c        WHERE c.year >= 2014        GROUP BY c.stadium_id        ORDER BY num_concerts DESC        LIMIT 1) AS subquery  ON s.stadium_id = subquery.stadium_id
SELECT s.name, s.capacity  FROM stadium AS s  JOIN (SELECT c.stadium_id, COUNT(*) AS num_concerts        FROM concert AS c        WHERE c.year >= 2014        GROUP BY c.stadium_id        ORDER BY num_concerts DESC        LIMIT 1) AS subquery  ON s.stadium_id = subquery.stadium_id
SELECT s.name, s.capacity  FROM stadium AS s  JOIN (SELECT c.stadium_id, COUNT(*) AS num_concerts        FROM concert AS c        WHERE c.year >= 2014        GROUP BY c.stadium_id        ORDER BY num_concerts DESC        LIMIT 1) AS subquery  ON s.stadium_id = subquery.stadium_id","SELECT stadium.name, stadium.capacity  FROM stadium  JOIN concert ON stadium.stadium_id = concert.stadium_id  WHERE concert.year >= 2014 GROUP BY stadium.stadium_id ORDER BY COUNT(concert.concert_id) DESC LIMIT 1
SELECT stadium.name, stadium.capacity  FROM stadium  JOIN concert ON stadium.stadium_id = concert.stadium_id  WHERE concert.year >= 2014 GROUP BY stadium.stadium_id ORDER BY COUNT(concert.concert_id) DESC LIMIT 1
SELECT stadium.name, stadium.capacity  FROM stadium  JOIN concert ON stadium.stadium_id = concert.stadium_id  WHERE concert.year >= 2014 GROUP BY stadium.stadium_id ORDER BY COUNT(concert.concert_id) DESC LIMIT 1
SELECT stadium.name, stadium.capacity  FROM stadium  JOIN concert ON stadium.stadium_id = concert.stadium_id  WHERE concert.year >= 2014 GROUP BY stadium.stadium_id ORDER BY COUNT(concert.concert_id) DESC LIMIT 1
SELECT stadium.name, stadium.capacity  FROM stadium  JOIN concert ON stadium.stadium_id = concert.stadium_id  WHERE concert.year >= 2014 GROUP BY stadium.stadium_id ORDER BY COUNT(concert.concert_id) DESC LIMIT 1
SELECT stadium.name, stadium.capacity  FROM stadium  JOIN concert ON stadium.stadium_id = concert.stadium_id  WHERE concert.year >= 2014 GROUP BY stadium.stadium_id ORDER BY COUNT(concert.concert_id) DESC LIMIT 1
SELECT stadium.name, stadium.capacity  FROM stadium  JOIN concert ON stadium.stadium_id = concert.stadium_id  WHERE concert.year >= 2014 GROUP BY stadium.stadium_id ORDER BY COUNT(concert.concert_id) DESC LIMIT 1",0,1,0,1,"SELECT s.name, s.capacity  FROM stadium AS s  JOIN (SELECT c.stadium_id, COUNT(*) AS num_concerts        FROM concert AS c        WHERE c.year >= 2014        GROUP BY c.stadium_id        ORDER BY num_concerts DESC        LIMIT 1) AS subquery  ON s.stadium_id = subquery.stadium_id","SELECT stadium.name, stadium.capacity  FROM stadium  JOIN concert ON stadium.stadium_id = concert.stadium_id  WHERE concert.year >= 2014 GROUP BY stadium.stadium_id ORDER BY COUNT(concert.concert_id) DESC LIMIT 1",0,1,0,1
What are the locations and names of all stations with capacity between 5000 and 10000?,concert_singer,medium,"SELECT LOCATION ,  name FROM stadium WHERE capacity BETWEEN 5000 AND 10000",7,"SELECT s.location, s.name  FROM stadium AS s  WHERE s.capacity BETWEEN 5000 AND 10000
SELECT s.location, s.name  FROM stadium AS s  WHERE s.capacity BETWEEN 5000 AND 10000
SELECT s.location, s.name  FROM stadium AS s  WHERE s.capacity BETWEEN 5000 AND 10000
SELECT s.location, s.name  FROM stadium AS s  WHERE s.capacity BETWEEN 5000 AND 10000
SELECT s.location, s.name  FROM stadium AS s  WHERE s.capacity BETWEEN 5000 AND 10000
SELECT s.location, s.name  FROM stadium AS s  WHERE s.capacity BETWEEN 5000 AND 10000
SELECT s.location, s.name  FROM stadium AS s  WHERE s.capacity BETWEEN 5000 AND 10000","SELECT location, name  FROM stadium  WHERE capacity BETWEEN 5000 AND 10000
SELECT location, name  FROM stadium  WHERE capacity BETWEEN 5000 AND 10000
SELECT location, name  FROM stadium  WHERE capacity BETWEEN 5000 AND 10000
SELECT location, name  FROM stadium  WHERE capacity BETWEEN 5000 AND 10000
SELECT location, name  FROM stadium  WHERE capacity BETWEEN 5000 AND 10000
SELECT location, name  FROM stadium  WHERE capacity BETWEEN 5000 AND 10000
SELECT location, name  FROM stadium  WHERE capacity BETWEEN 5000 AND 10000",1,1,1,1,"SELECT s.location, s.name  FROM stadium AS s  WHERE s.capacity BETWEEN 5000 AND 10000","SELECT location, name  FROM stadium  WHERE capacity BETWEEN 5000 AND 10000",1,1,1,1
How many singers do we have?,concert_singer,easy,SELECT count(*) FROM singer,7,"SELECT COUNT(*) FROM singer
SELECT COUNT(*) FROM singer
SELECT COUNT(*) FROM singer
SELECT COUNT(*) FROM singer
SELECT COUNT(*) FROM singer
SELECT COUNT(*) FROM singer
SELECT COUNT(*) FROM singer","SELECT COUNT(*) FROM singer
SELECT COUNT(*) FROM singer
SELECT COUNT(*) FROM singer
SELECT COUNT(*) FROM singer
SELECT COUNT(*) FROM singer
SELECT COUNT(*) FROM singer
SELECT COUNT(*) FROM singer",1,1,1,1,SELECT COUNT(*) FROM singer,SELECT COUNT(*) FROM singer,1,1,1,1
What is the name and country of origin of every singer who has a song with the word 'Hey' in its title?,concert_singer,medium,"SELECT name ,  country FROM singer WHERE song_name LIKE '%Hey%'",7,"SELECT singer.name, singer.country  FROM singer  JOIN singer_in_concert ON singer.singer_id = singer_in_concert.singer_id  JOIN concert ON singer_in_concert.concert_id = concert.concert_id  WHERE singer.song_name LIKE '%Hey%'
SELECT singer.name, singer.country  FROM singer  JOIN singer_in_concert ON singer.singer_id = singer_in_concert.singer_id  JOIN concert ON singer_in_concert.concert_id = concert.concert_id  WHERE singer.song_name LIKE '%Hey%'
SELECT singer.name, singer.country  FROM singer  JOIN singer_in_concert ON singer.singer_id = singer_in_concert.singer_id  JOIN concert ON singer_in_concert.concert_id = concert.concert_id  WHERE singer.song_name LIKE '%Hey%'
SELECT singer.name, singer.country  FROM singer  JOIN singer_in_concert ON singer.singer_id = singer_in_concert.singer_id  JOIN concert ON singer_in_concert.concert_id = concert.concert_id  WHERE singer.song_name LIKE '%Hey%'
SELECT singer.name, singer.country  FROM singer  JOIN singer_in_concert ON singer.singer_id = singer_in_concert.singer_id  JOIN concert ON singer_in_concert.concert_id = concert.concert_id  WHERE singer.song_name LIKE '%Hey%'
SELECT singer.name, singer.country  FROM singer  JOIN singer_in_concert ON singer.singer_id = singer_in_concert.singer_id  JOIN concert ON singer_in_concert.concert_id = concert.concert_id  WHERE singer.song_name LIKE '%Hey%'
SELECT singer.name, singer.country  FROM singer  JOIN singer_in_concert ON singer.singer_id = singer_in_concert.singer_id  JOIN concert ON singer_in_concert.concert_id = concert.concert_id  WHERE singer.song_name LIKE '%Hey%'","SELECT singer.name, singer.country  FROM singer  JOIN singer_in_concert ON singer.singer_id = singer_in_concert.singer_id  JOIN concert ON singer_in_concert.concert_id = concert.concert_id  WHERE singer.song_name LIKE '%Hey%'
SELECT singer.name, singer.country  FROM singer  JOIN singer_in_concert ON singer.singer_id = singer_in_concert.singer_id  JOIN concert ON singer_in_concert.concert_id = concert.concert_id  WHERE singer.song_name LIKE '%Hey%'
SELECT singer.name, singer.country  FROM singer  JOIN singer_in_concert ON singer.singer_id = singer_in_concert.singer_id  JOIN concert ON singer_in_concert.concert_id = concert.concert_id  WHERE singer.song_name LIKE '%Hey%'
SELECT singer.name, singer.country  FROM singer  JOIN singer_in_concert ON singer.singer_id = singer_in_concert.singer_id  JOIN concert ON singer_in_concert.concert_id = concert.concert_id  WHERE singer.song_name LIKE '%Hey%'
SELECT singer.name, singer.country  FROM singer  JOIN singer_in_concert ON singer.singer_id = singer_in_concert.singer_id  JOIN concert ON singer_in_concert.concert_id = concert.concert_id  WHERE singer.song_name LIKE '%Hey%'
SELECT singer.name, singer.country  FROM singer  JOIN singer_in_concert ON singer.singer_id = singer_in_concert.singer_id  JOIN concert ON singer_in_concert.concert_id = concert.concert_id  WHERE singer.song_name LIKE '%Hey%'
SELECT singer.name, singer.country  FROM singer  JOIN singer_in_concert ON singer.singer_id = singer_in_concert.singer_id  JOIN concert ON singer_in_concert.concert_id = concert.concert_id  WHERE singer.song_name LIKE '%Hey%'",0,1,0,1,"SELECT singer.name, singer.country  FROM singer  JOIN singer_in_concert ON singer.singer_id = singer_in_concert.singer_id  JOIN concert ON singer_in_concert.concert_id = concert.concert_id  WHERE singer.song_name LIKE '%Hey%'","SELECT singer.name, singer.country  FROM singer  JOIN singer_in_concert ON singer.singer_id = singer_in_concert.singer_id  JOIN concert ON singer_in_concert.concert_id = concert.concert_id  WHERE singer.song_name LIKE '%Hey%'",0,1,0,1
What are the names of the stadiums without any concerts?,concert_singer,hard,SELECT name FROM stadium WHERE stadium_id NOT IN (SELECT stadium_id FROM concert),7,"SELECT s.name  FROM stadium AS s  LEFT JOIN concert AS c ON s.stadium_id = c.stadium_id  WHERE c.stadium_id IS NULL
SELECT s.name  FROM stadium AS s  LEFT JOIN concert AS c ON s.stadium_id = c.stadium_id  WHERE c.stadium_id IS NULL
SELECT s.name  FROM stadium AS s  LEFT JOIN concert AS c ON s.stadium_id = c.stadium_id  WHERE c.stadium_id IS NULL
SELECT s.name  FROM stadium AS s  LEFT JOIN concert AS c ON s.stadium_id = c.stadium_id  WHERE c.stadium_id IS NULL
SELECT s.name  FROM stadium AS s  LEFT JOIN concert AS c ON s.stadium_id = c.stadium_id  WHERE c.stadium_id IS NULL
SELECT s.name  FROM stadium AS s  LEFT JOIN concert AS c ON s.stadium_id = c.stadium_id  WHERE c.stadium_id IS NULL
SELECT s.name  FROM stadium AS s  LEFT JOIN concert AS c ON s.stadium_id = c.stadium_id  WHERE c.stadium_id IS NULL","SELECT s.name  FROM stadium AS s  LEFT JOIN concert AS c ON s.stadium_id = c.stadium_id  WHERE c.stadium_id IS NULL
SELECT s.name  FROM stadium AS s  LEFT JOIN concert AS c ON s.stadium_id = c.stadium_id  WHERE c.stadium_id IS NULL
SELECT s.name  FROM stadium AS s  LEFT JOIN concert AS c ON s.stadium_id = c.stadium_id  WHERE c.stadium_id IS NULL
SELECT s.name  FROM stadium AS s  LEFT JOIN concert AS c ON s.stadium_id = c.stadium_id  WHERE c.stadium_id IS NULL
SELECT s.name  FROM stadium AS s  LEFT JOIN concert AS c ON s.stadium_id = c.stadium_id  WHERE c.stadium_id IS NULL
SELECT s.name  FROM stadium AS s  LEFT JOIN concert AS c ON s.stadium_id = c.stadium_id  WHERE c.stadium_id IS NULL
SELECT s.name  FROM stadium AS s  LEFT JOIN concert AS c ON s.stadium_id = c.stadium_id  WHERE c.stadium_id IS NULL",0,1,0,1,SELECT s.name  FROM stadium AS s  LEFT JOIN concert AS c ON s.stadium_id = c.stadium_id  WHERE c.stadium_id IS NULL,SELECT s.name  FROM stadium AS s  LEFT JOIN concert AS c ON s.stadium_id = c.stadium_id  WHERE c.stadium_id IS NULL,0,1,0,1
How many concerts occurred in 2014 or 2015?,concert_singer,medium,SELECT count(*) FROM concert WHERE YEAR  =  2014 OR YEAR  =  2015,7,"SELECT COUNT(*) FROM concert WHERE year IN (2014, 2015)
SELECT COUNT(*) FROM concert WHERE year IN (2014, 2015)
SELECT COUNT(*) FROM concert WHERE year IN (2014, 2015)
SELECT COUNT(*) FROM concert WHERE year IN (2014, 2015)
SELECT COUNT(*) FROM concert WHERE year IN (2014, 2015)
SELECT COUNT(*) FROM concert WHERE year IN (2014, 2015)
SELECT COUNT(*) FROM concert WHERE year IN (2014, 2015)","SELECT COUNT(*) FROM concert WHERE year IN (2014, 2015)
SELECT COUNT(*) FROM concert WHERE year IN (2014, 2015)
SELECT COUNT(*) FROM concert WHERE year IN (2014, 2015)
SELECT COUNT(*) FROM concert WHERE year IN (2014, 2015)
SELECT COUNT(*) FROM concert WHERE year IN (2014, 2015)
SELECT COUNT(*) FROM concert WHERE year IN (2014, 2015)
SELECT COUNT(*) FROM concert WHERE year IN (2014, 2015)",0,1,0,1,"SELECT COUNT(*) FROM concert WHERE year IN (2014, 2015)","SELECT COUNT(*) FROM concert WHERE year IN (2014, 2015)",0,1,0,1
How many concerts are there in year 2014 or 2015?,concert_singer,medium,SELECT count(*) FROM concert WHERE YEAR  =  2014 OR YEAR  =  2015,7,"SELECT COUNT(*)  FROM concert  WHERE year IN (2014, 2015)
SELECT COUNT(*)  FROM concert  WHERE year IN (2014, 2015)
SELECT COUNT(*)  FROM concert  WHERE year IN (2014, 2015)
SELECT COUNT(*)  FROM concert  WHERE year IN (2014, 2015)
SELECT COUNT(*)  FROM concert  WHERE year IN (2014, 2015)
SELECT COUNT(*)  FROM concert  WHERE year IN (2014, 2015)
SELECT COUNT(*)  FROM concert  WHERE year IN (2014, 2015)","SELECT COUNT(*) FROM concert WHERE year IN (2014, 2015)
SELECT COUNT(*) FROM concert WHERE year IN (2014, 2015)
SELECT COUNT(*) FROM concert WHERE year IN (2014, 2015)
SELECT COUNT(*) FROM concert WHERE year IN (2014, 2015)
SELECT COUNT(*) FROM concert WHERE year IN (2014, 2015)
SELECT COUNT(*) FROM concert WHERE year IN (2014, 2015)
SELECT COUNT(*) FROM concert WHERE year IN (2014, 2015)",0,1,0,1,"SELECT COUNT(*)  FROM concert  WHERE year IN (2014, 2015)","SELECT COUNT(*) FROM concert WHERE year IN (2014, 2015)",0,1,0,1
What are  the different countries with singers above age 20?,concert_singer,easy,SELECT DISTINCT country FROM singer WHERE age  >  20,7,"SELECT DISTINCT s.country  FROM singer AS s  WHERE s.age > 20
SELECT DISTINCT s.country  FROM singer AS s  WHERE s.age > 20
SELECT DISTINCT s.country  FROM singer AS s  WHERE s.age > 20
SELECT DISTINCT s.country  FROM singer AS s  WHERE s.age > 20
SELECT DISTINCT s.country  FROM singer AS s  WHERE s.age > 20
SELECT DISTINCT s.country  FROM singer AS s  WHERE s.age > 20
SELECT DISTINCT s.country  FROM singer AS s  WHERE s.age > 20","SELECT DISTINCT country  FROM singer  WHERE age > 20
SELECT DISTINCT country  FROM singer  WHERE age > 20
SELECT DISTINCT country  FROM singer  WHERE age > 20
SELECT DISTINCT country  FROM singer  WHERE age > 20
SELECT DISTINCT country  FROM singer  WHERE age > 20
SELECT DISTINCT country  FROM singer  WHERE age > 20
SELECT DISTINCT country  FROM singer  WHERE age > 20",1,1,1,1,SELECT DISTINCT s.country  FROM singer AS s  WHERE s.age > 20,SELECT DISTINCT country  FROM singer  WHERE age > 20,1,1,1,1
Find the name and location of the stadiums which some concerts happened in the years of both 2014 and 2015.,concert_singer,extra,"SELECT T2.name ,  T2.location FROM concert AS T1 JOIN stadium AS T2 ON T1.stadium_id  =  T2.stadium_id WHERE T1.Year  =  2014 INTERSECT SELECT T2.name ,  T2.location FROM concert AS T1 JOIN stadium AS T2 ON T1.stadium_id  =  T2.stadium_id WHERE T1.Year  =  2015",7,"SELECT s.name, s.location  FROM stadium AS s  JOIN concert AS c ON s.stadium_id = c.stadium_id  WHERE c.year IN (2014, 2015)  GROUP BY s.stadium_id  HAVING COUNT(DISTINCT c.year) = 2
SELECT s.name, s.location  FROM stadium AS s  JOIN concert AS c ON s.stadium_id = c.stadium_id  WHERE c.year IN (2014, 2015)  GROUP BY s.stadium_id  HAVING COUNT(DISTINCT c.year) = 2
SELECT s.name, s.location  FROM stadium AS s  JOIN concert AS c ON s.stadium_id = c.stadium_id  WHERE c.year IN (2014, 2015)  GROUP BY s.stadium_id  HAVING COUNT(DISTINCT c.year) = 2
SELECT s.name, s.location  FROM stadium AS s  JOIN concert AS c ON s.stadium_id = c.stadium_id  WHERE c.year IN (2014, 2015)  GROUP BY s.stadium_id  HAVING COUNT(DISTINCT c.year) = 2
SELECT s.name, s.location  FROM stadium AS s  JOIN concert AS c ON s.stadium_id = c.stadium_id  WHERE c.year IN (2014, 2015)  GROUP BY s.stadium_id  HAVING COUNT(DISTINCT c.year) = 2
SELECT s.name, s.location  FROM stadium AS s  JOIN concert AS c ON s.stadium_id = c.stadium_id  WHERE c.year IN (2014, 2015)  GROUP BY s.stadium_id  HAVING COUNT(DISTINCT c.year) = 2
SELECT s.name, s.location  FROM stadium AS s  JOIN concert AS c ON s.stadium_id = c.stadium_id  WHERE c.year IN (2014, 2015)  GROUP BY s.stadium_id  HAVING COUNT(DISTINCT c.year) = 2","SELECT DISTINCT stadium.name, stadium.location  FROM stadium  JOIN concert ON stadium.stadium_id = concert.stadium_id  WHERE concert.year IN (2014, 2015)
SELECT DISTINCT stadium.name, stadium.location  FROM stadium  JOIN concert ON stadium.stadium_id = concert.stadium_id  WHERE concert.year IN (2014, 2015)
SELECT DISTINCT stadium.name, stadium.location  FROM stadium  JOIN concert ON stadium.stadium_id = concert.stadium_id  WHERE concert.year IN (2014, 2015)
SELECT DISTINCT stadium.name, stadium.location  FROM stadium  JOIN concert ON stadium.stadium_id = concert.stadium_id  WHERE concert.year IN (2014, 2015)
SELECT DISTINCT stadium.name, stadium.location  FROM stadium  JOIN concert ON stadium.stadium_id = concert.stadium_id  WHERE concert.year IN (2014, 2015)
SELECT DISTINCT stadium.name, stadium.location  FROM stadium  JOIN concert ON stadium.stadium_id = concert.stadium_id  WHERE concert.year IN (2014, 2015)
SELECT DISTINCT stadium.name, stadium.location  FROM stadium  JOIN concert ON stadium.stadium_id = concert.stadium_id  WHERE concert.year IN (2014, 2015)",0,1,0,0,"SELECT s.name, s.location  FROM stadium AS s  JOIN concert AS c ON s.stadium_id = c.stadium_id  WHERE c.year IN (2014, 2015)  GROUP BY s.stadium_id  HAVING COUNT(DISTINCT c.year) = 2","SELECT DISTINCT stadium.name, stadium.location  FROM stadium  JOIN concert ON stadium.stadium_id = concert.stadium_id  WHERE concert.year IN (2014, 2015)",0,1,0,0
Show countries where a singer above age 40 and a singer below 30 are from.,concert_singer,hard,SELECT country FROM singer WHERE age  >  40 INTERSECT SELECT country FROM singer WHERE age  <  30,7,"SELECT DISTINCT s1.country  FROM singer AS s1  JOIN singer AS s2 ON s1.country = s2.country  WHERE s1.age > 40 AND s2.age < 30
SELECT DISTINCT s1.country  FROM singer AS s1  JOIN singer AS s2 ON s1.country = s2.country  WHERE s1.age > 40 AND s2.age < 30
SELECT DISTINCT s1.country  FROM singer AS s1  JOIN singer AS s2 ON s1.country = s2.country  WHERE s1.age > 40 AND s2.age < 30
SELECT DISTINCT s1.country  FROM singer AS s1  JOIN singer AS s2 ON s1.country = s2.country  WHERE s1.age > 40 AND s2.age < 30
SELECT DISTINCT s1.country  FROM singer AS s1  JOIN singer AS s2 ON s1.country = s2.country  WHERE s1.age > 40 AND s2.age < 30
SELECT DISTINCT s1.country  FROM singer AS s1  JOIN singer AS s2 ON s1.country = s2.country  WHERE s1.age > 40 AND s2.age < 30
SELECT DISTINCT s1.country  FROM singer AS s1  JOIN singer AS s2 ON s1.country = s2.country  WHERE s1.age > 40 AND s2.age < 30","SELECT DISTINCT s1.country  FROM singer AS s1  JOIN singer AS s2  ON s1.country = s2.country  WHERE s1.age > 40 AND s2.age < 30
SELECT DISTINCT s1.country  FROM singer AS s1  JOIN singer AS s2  ON s1.country = s2.country  WHERE s1.age > 40 AND s2.age < 30
SELECT DISTINCT s1.country  FROM singer AS s1  JOIN singer AS s2  ON s1.country = s2.country  WHERE s1.age > 40 AND s2.age < 30
SELECT DISTINCT s1.country  FROM singer AS s1  JOIN singer AS s2  ON s1.country = s2.country  WHERE s1.age > 40 AND s2.age < 30
SELECT DISTINCT s1.country  FROM singer AS s1  JOIN singer AS s2  ON s1.country = s2.country  WHERE s1.age > 40 AND s2.age < 30
SELECT DISTINCT s1.country  FROM singer AS s1  JOIN singer AS s2  ON s1.country = s2.country  WHERE s1.age > 40 AND s2.age < 30
SELECT DISTINCT s1.country  FROM singer AS s1  JOIN singer AS s2  ON s1.country = s2.country  WHERE s1.age > 40 AND s2.age < 30",0,1,0,1,SELECT DISTINCT s1.country  FROM singer AS s1  JOIN singer AS s2 ON s1.country = s2.country  WHERE s1.age > 40 AND s2.age < 30,SELECT DISTINCT s1.country  FROM singer AS s1  JOIN singer AS s2  ON s1.country = s2.country  WHERE s1.age > 40 AND s2.age < 30,0,1,0,1
What are all distinct countries where singers above age 20 are from?,concert_singer,easy,SELECT DISTINCT country FROM singer WHERE age  >  20,7,"SELECT DISTINCT country  FROM singer  WHERE age > 20
SELECT DISTINCT country  FROM singer  WHERE age > 20
SELECT DISTINCT country  FROM singer  WHERE age > 20
SELECT DISTINCT country  FROM singer  WHERE age > 20
SELECT DISTINCT country  FROM singer  WHERE age > 20
SELECT DISTINCT country  FROM singer  WHERE age > 20
SELECT DISTINCT country  FROM singer  WHERE age > 20","SELECT DISTINCT country  FROM singer  WHERE age > 20
SELECT DISTINCT country  FROM singer  WHERE age > 20
SELECT DISTINCT country  FROM singer  WHERE age > 20
SELECT DISTINCT country  FROM singer  WHERE age > 20
SELECT DISTINCT country  FROM singer  WHERE age > 20
SELECT DISTINCT country  FROM singer  WHERE age > 20
SELECT DISTINCT country  FROM singer  WHERE age > 20",1,1,1,1,SELECT DISTINCT country  FROM singer  WHERE age > 20,SELECT DISTINCT country  FROM singer  WHERE age > 20,1,1,1,1
What are the names and locations of the stadiums that had concerts that occurred in both 2014 and 2015?,concert_singer,extra,"SELECT T2.name ,  T2.location FROM concert AS T1 JOIN stadium AS T2 ON T1.stadium_id  =  T2.stadium_id WHERE T1.Year  =  2014 INTERSECT SELECT T2.name ,  T2.location FROM concert AS T1 JOIN stadium AS T2 ON T1.stadium_id  =  T2.stadium_id WHERE T1.Year  =  2015",7,"SELECT DISTINCT stadium.name, stadium.location  FROM stadium  JOIN concert ON stadium.stadium_id = concert.stadium_id  WHERE concert.year IN (2014, 2015) GROUP BY stadium.stadium_id  HAVING COUNT(DISTINCT concert.year) = 2
SELECT DISTINCT stadium.name, stadium.location  FROM stadium  JOIN concert ON stadium.stadium_id = concert.stadium_id  WHERE concert.year IN (2014, 2015) GROUP BY stadium.stadium_id  HAVING COUNT(DISTINCT concert.year) = 2
SELECT DISTINCT stadium.name, stadium.location  FROM stadium  JOIN concert ON stadium.stadium_id = concert.stadium_id  WHERE concert.year IN (2014, 2015) GROUP BY stadium.stadium_id  HAVING COUNT(DISTINCT concert.year) = 2
SELECT DISTINCT stadium.name, stadium.location  FROM stadium  JOIN concert ON stadium.stadium_id = concert.stadium_id  WHERE concert.year IN (2014, 2015) GROUP BY stadium.stadium_id  HAVING COUNT(DISTINCT concert.year) = 2
SELECT DISTINCT stadium.name, stadium.location  FROM stadium  JOIN concert ON stadium.stadium_id = concert.stadium_id  WHERE concert.year IN (2014, 2015) GROUP BY stadium.stadium_id  HAVING COUNT(DISTINCT concert.year) = 2
SELECT DISTINCT stadium.name, stadium.location  FROM stadium  JOIN concert ON stadium.stadium_id = concert.stadium_id  WHERE concert.year IN (2014, 2015) GROUP BY stadium.stadium_id  HAVING COUNT(DISTINCT concert.year) = 2
SELECT DISTINCT stadium.name, stadium.location  FROM stadium  JOIN concert ON stadium.stadium_id = concert.stadium_id  WHERE concert.year IN (2014, 2015) GROUP BY stadium.stadium_id  HAVING COUNT(DISTINCT concert.year) = 2","SELECT DISTINCT s.name, s.location  FROM stadium AS s  JOIN concert AS c ON s.stadium_id = c.stadium_id  WHERE c.year IN (2014, 2015)  GROUP BY s.stadium_id  HAVING COUNT(DISTINCT c.year) = 2
SELECT DISTINCT s.name, s.location  FROM stadium AS s  JOIN concert AS c ON s.stadium_id = c.stadium_id  WHERE c.year IN (2014, 2015)  GROUP BY s.stadium_id  HAVING COUNT(DISTINCT c.year) = 2
SELECT DISTINCT s.name, s.location  FROM stadium AS s  JOIN concert AS c ON s.stadium_id = c.stadium_id  WHERE c.year IN (2014, 2015)  GROUP BY s.stadium_id  HAVING COUNT(DISTINCT c.year) = 2
SELECT DISTINCT s.name, s.location  FROM stadium AS s  JOIN concert AS c ON s.stadium_id = c.stadium_id  WHERE c.year IN (2014, 2015)  GROUP BY s.stadium_id  HAVING COUNT(DISTINCT c.year) = 2
SELECT DISTINCT s.name, s.location  FROM stadium AS s  JOIN concert AS c ON s.stadium_id = c.stadium_id  WHERE c.year IN (2014, 2015)  GROUP BY s.stadium_id  HAVING COUNT(DISTINCT c.year) = 2
SELECT DISTINCT s.name, s.location  FROM stadium AS s  JOIN concert AS c ON s.stadium_id = c.stadium_id  WHERE c.year IN (2014, 2015)  GROUP BY s.stadium_id  HAVING COUNT(DISTINCT c.year) = 2
SELECT DISTINCT s.name, s.location  FROM stadium AS s  JOIN concert AS c ON s.stadium_id = c.stadium_id  WHERE c.year IN (2014, 2015)  GROUP BY s.stadium_id  HAVING COUNT(DISTINCT c.year) = 2",0,1,0,1,"SELECT DISTINCT stadium.name, stadium.location  FROM stadium  JOIN concert ON stadium.stadium_id = concert.stadium_id  WHERE concert.year IN (2014, 2015) GROUP BY stadium.stadium_id  HAVING COUNT(DISTINCT concert.year) = 2","SELECT DISTINCT s.name, s.location  FROM stadium AS s  JOIN concert AS c ON s.stadium_id = c.stadium_id  WHERE c.year IN (2014, 2015)  GROUP BY s.stadium_id  HAVING COUNT(DISTINCT c.year) = 2",0,1,0,1
"What is the average, minimum, and maximum age of all singers from France?",concert_singer,medium,"SELECT avg(age) ,  min(age) ,  max(age) FROM singer WHERE country  =  'France'",7,"SELECT AVG(age), MIN(age), MAX(age)  FROM singer  WHERE country = 'France'
SELECT AVG(age), MIN(age), MAX(age)  FROM singer  WHERE country = 'France'
SELECT AVG(age), MIN(age), MAX(age)  FROM singer  WHERE country = 'France'
SELECT AVG(age), MIN(age), MAX(age)  FROM singer  WHERE country = 'France'
SELECT AVG(age), MIN(age), MAX(age)  FROM singer  WHERE country = 'France'
SELECT AVG(age), MIN(age), MAX(age)  FROM singer  WHERE country = 'France'
SELECT AVG(age), MIN(age), MAX(age)  FROM singer  WHERE country = 'France'","SELECT AVG(age), MIN(age), MAX(age)  FROM singer  WHERE country = 'France'
SELECT AVG(age), MIN(age), MAX(age)  FROM singer  WHERE country = 'France'
SELECT AVG(age), MIN(age), MAX(age)  FROM singer  WHERE country = 'France'
SELECT AVG(age), MIN(age), MAX(age)  FROM singer  WHERE country = 'France'
SELECT AVG(age), MIN(age), MAX(age)  FROM singer  WHERE country = 'France'
SELECT AVG(age), MIN(age), MAX(age)  FROM singer  WHERE country = 'France'
SELECT AVG(age), MIN(age), MAX(age)  FROM singer  WHERE country = 'France'",1,1,1,1,"SELECT AVG(age), MIN(age), MAX(age)  FROM singer  WHERE country = 'France'","SELECT AVG(age), MIN(age), MAX(age)  FROM singer  WHERE country = 'France'",1,1,1,1
List singer names and number of concerts for each singer.,concert_singer,medium,"SELECT T2.name ,  count(*) FROM singer_in_concert AS T1 JOIN singer AS T2 ON T1.singer_id  =  T2.singer_id GROUP BY T2.singer_id",7,"SELECT s.name, COUNT(sic.concert_id) as num_of_concerts FROM singer as s LEFT JOIN singer_in_concert as sic ON s.singer_id = sic.singer_id GROUP BY s.name
SELECT s.name, COUNT(sic.concert_id) as num_of_concerts FROM singer as s LEFT JOIN singer_in_concert as sic ON s.singer_id = sic.singer_id GROUP BY s.name
SELECT s.name, COUNT(sic.concert_id) as num_of_concerts FROM singer as s LEFT JOIN singer_in_concert as sic ON s.singer_id = sic.singer_id GROUP BY s.name
SELECT s.name, COUNT(sic.concert_id) as num_of_concerts FROM singer as s LEFT JOIN singer_in_concert as sic ON s.singer_id = sic.singer_id GROUP BY s.name
SELECT s.name, COUNT(sic.concert_id) as num_of_concerts FROM singer as s LEFT JOIN singer_in_concert as sic ON s.singer_id = sic.singer_id GROUP BY s.name
SELECT s.name, COUNT(sic.concert_id) as num_of_concerts FROM singer as s LEFT JOIN singer_in_concert as sic ON s.singer_id = sic.singer_id GROUP BY s.name
SELECT s.name, COUNT(sic.concert_id) as num_of_concerts FROM singer as s LEFT JOIN singer_in_concert as sic ON s.singer_id = sic.singer_id GROUP BY s.name","SELECT s.name, COUNT(sic.concert_id) as num_of_concerts FROM singer s JOIN singer_in_concert sic ON s.singer_id = sic.singer_id GROUP BY s.singer_id
SELECT s.name, COUNT(sic.concert_id) as num_of_concerts FROM singer s JOIN singer_in_concert sic ON s.singer_id = sic.singer_id GROUP BY s.singer_id
SELECT s.name, COUNT(sic.concert_id) as num_of_concerts FROM singer s JOIN singer_in_concert sic ON s.singer_id = sic.singer_id GROUP BY s.singer_id
SELECT s.name, COUNT(sic.concert_id) as num_of_concerts FROM singer s JOIN singer_in_concert sic ON s.singer_id = sic.singer_id GROUP BY s.singer_id
SELECT s.name, COUNT(sic.concert_id) as num_of_concerts FROM singer s JOIN singer_in_concert sic ON s.singer_id = sic.singer_id GROUP BY s.singer_id
SELECT s.name, COUNT(sic.concert_id) as num_of_concerts FROM singer s JOIN singer_in_concert sic ON s.singer_id = sic.singer_id GROUP BY s.singer_id
SELECT s.name, COUNT(sic.concert_id) as num_of_concerts FROM singer s JOIN singer_in_concert sic ON s.singer_id = sic.singer_id GROUP BY s.singer_id",0,0,0,1,"SELECT s.name, COUNT(sic.concert_id) as num_of_concerts FROM singer as s LEFT JOIN singer_in_concert as sic ON s.singer_id = sic.singer_id GROUP BY s.name","SELECT s.name, COUNT(sic.concert_id) as num_of_concerts FROM singer s JOIN singer_in_concert sic ON s.singer_id = sic.singer_id GROUP BY s.singer_id",0,0,0,1
Which year has most number of concerts?,concert_singer,hard,SELECT YEAR FROM concert GROUP BY YEAR ORDER BY count(*) DESC LIMIT 1,7,"SELECT year, COUNT(*) as num_concerts FROM concert GROUP BY year ORDER BY num_concerts DESC LIMIT 1
SELECT year, COUNT(*) as num_concerts FROM concert GROUP BY year ORDER BY num_concerts DESC LIMIT 1
SELECT year, COUNT(*) as num_concerts FROM concert GROUP BY year ORDER BY num_concerts DESC LIMIT 1
SELECT year, COUNT(*) as num_concerts FROM concert GROUP BY year ORDER BY num_concerts DESC LIMIT 1
SELECT year, COUNT(*) as num_concerts FROM concert GROUP BY year ORDER BY num_concerts DESC LIMIT 1
SELECT year, COUNT(*) as num_concerts FROM concert GROUP BY year ORDER BY num_concerts DESC LIMIT 1
SELECT year, COUNT(*) as num_concerts FROM concert GROUP BY year ORDER BY num_concerts DESC LIMIT 1","SELECT year, COUNT(*) as num_concerts FROM concert GROUP BY year ORDER BY num_concerts DESC LIMIT 1
SELECT year, COUNT(*) as num_concerts FROM concert GROUP BY year ORDER BY num_concerts DESC LIMIT 1
SELECT year, COUNT(*) as num_concerts FROM concert GROUP BY year ORDER BY num_concerts DESC LIMIT 1
SELECT year, COUNT(*) as num_concerts FROM concert GROUP BY year ORDER BY num_concerts DESC LIMIT 1
SELECT year, COUNT(*) as num_concerts FROM concert GROUP BY year ORDER BY num_concerts DESC LIMIT 1
SELECT year, COUNT(*) as num_concerts FROM concert GROUP BY year ORDER BY num_concerts DESC LIMIT 1
SELECT year, COUNT(*) as num_concerts FROM concert GROUP BY year ORDER BY num_concerts DESC LIMIT 1",0,0,0,0,"SELECT year, COUNT(*) as num_concerts FROM concert GROUP BY year ORDER BY num_concerts DESC LIMIT 1","SELECT year, COUNT(*) as num_concerts FROM concert GROUP BY year ORDER BY num_concerts DESC LIMIT 1",0,0,0,0
Show the stadium names without any concert.,concert_singer,hard,SELECT name FROM stadium WHERE stadium_id NOT IN (SELECT stadium_id FROM concert),7,"SELECT name  FROM stadium  WHERE stadium_id NOT IN (SELECT stadium_id FROM concert)
SELECT name  FROM stadium  WHERE stadium_id NOT IN (SELECT stadium_id FROM concert)
SELECT name  FROM stadium  WHERE stadium_id NOT IN (SELECT stadium_id FROM concert)
SELECT name  FROM stadium  WHERE stadium_id NOT IN (SELECT stadium_id FROM concert)
SELECT name  FROM stadium  WHERE stadium_id NOT IN (SELECT stadium_id FROM concert)
SELECT name  FROM stadium  WHERE stadium_id NOT IN (SELECT stadium_id FROM concert)
SELECT name  FROM stadium  WHERE stadium_id NOT IN (SELECT stadium_id FROM concert)","SELECT name FROM stadium WHERE stadium_id NOT IN (SELECT stadium_id FROM concert)
SELECT name FROM stadium WHERE stadium_id NOT IN (SELECT stadium_id FROM concert)
SELECT name FROM stadium WHERE stadium_id NOT IN (SELECT stadium_id FROM concert)
SELECT name FROM stadium WHERE stadium_id NOT IN (SELECT stadium_id FROM concert)
SELECT name FROM stadium WHERE stadium_id NOT IN (SELECT stadium_id FROM concert)
SELECT name FROM stadium WHERE stadium_id NOT IN (SELECT stadium_id FROM concert)
SELECT name FROM stadium WHERE stadium_id NOT IN (SELECT stadium_id FROM concert)",1,1,1,1,SELECT name  FROM stadium  WHERE stadium_id NOT IN (SELECT stadium_id FROM concert),SELECT name FROM stadium WHERE stadium_id NOT IN (SELECT stadium_id FROM concert),1,1,1,1
Show all countries and the number of singers in each country.,concert_singer,medium,"SELECT country ,  count(*) FROM singer GROUP BY country",7,"SELECT country, COUNT(*) as num_singers FROM singer GROUP BY country
SELECT country, COUNT(*) as num_singers FROM singer GROUP BY country
SELECT country, COUNT(*) as num_singers FROM singer GROUP BY country
SELECT country, COUNT(*) as num_singers FROM singer GROUP BY country
SELECT country, COUNT(*) as num_singers FROM singer GROUP BY country
SELECT country, COUNT(*) as num_singers FROM singer GROUP BY country
SELECT country, COUNT(*) as num_singers FROM singer GROUP BY country","SELECT country, COUNT(singer_id) as num_singers FROM singer GROUP BY country
SELECT country, COUNT(singer_id) as num_singers FROM singer GROUP BY country
SELECT country, COUNT(singer_id) as num_singers FROM singer GROUP BY country
SELECT country, COUNT(singer_id) as num_singers FROM singer GROUP BY country
SELECT country, COUNT(singer_id) as num_singers FROM singer GROUP BY country
SELECT country, COUNT(singer_id) as num_singers FROM singer GROUP BY country
SELECT country, COUNT(singer_id) as num_singers FROM singer GROUP BY country",0,1,0,1,"SELECT country, COUNT(*) as num_singers FROM singer GROUP BY country","SELECT country, COUNT(singer_id) as num_singers FROM singer GROUP BY country",0,1,0,1
List all singer names in concerts in year 2014.,concert_singer,hard,SELECT T2.name FROM singer_in_concert AS T1 JOIN singer AS T2 ON T1.singer_id  =  T2.singer_id JOIN concert AS T3 ON T1.concert_id  =  T3.concert_id WHERE T3.year  =  2014,7,"SELECT s.name  FROM singer AS s  JOIN singer_in_concert AS sic ON s.singer_id = sic.singer_id  JOIN concert AS c ON sic.concert_id = c.concert_id  WHERE c.year = 2014
SELECT s.name  FROM singer AS s  JOIN singer_in_concert AS sic ON s.singer_id = sic.singer_id  JOIN concert AS c ON sic.concert_id = c.concert_id  WHERE c.year = 2014
SELECT s.name  FROM singer AS s  JOIN singer_in_concert AS sic ON s.singer_id = sic.singer_id  JOIN concert AS c ON sic.concert_id = c.concert_id  WHERE c.year = 2014
SELECT s.name  FROM singer AS s  JOIN singer_in_concert AS sic ON s.singer_id = sic.singer_id  JOIN concert AS c ON sic.concert_id = c.concert_id  WHERE c.year = 2014
SELECT s.name  FROM singer AS s  JOIN singer_in_concert AS sic ON s.singer_id = sic.singer_id  JOIN concert AS c ON sic.concert_id = c.concert_id  WHERE c.year = 2014
SELECT s.name  FROM singer AS s  JOIN singer_in_concert AS sic ON s.singer_id = sic.singer_id  JOIN concert AS c ON sic.concert_id = c.concert_id  WHERE c.year = 2014
SELECT s.name  FROM singer AS s  JOIN singer_in_concert AS sic ON s.singer_id = sic.singer_id  JOIN concert AS c ON sic.concert_id = c.concert_id  WHERE c.year = 2014","SELECT s.name  FROM singer AS s  JOIN singer_in_concert AS sic ON s.singer_id = sic.singer_id  JOIN concert AS c ON sic.concert_id = c.concert_id  WHERE c.year = 2014
SELECT s.name  FROM singer AS s  JOIN singer_in_concert AS sic ON s.singer_id = sic.singer_id  JOIN concert AS c ON sic.concert_id = c.concert_id  WHERE c.year = 2014
SELECT s.name  FROM singer AS s  JOIN singer_in_concert AS sic ON s.singer_id = sic.singer_id  JOIN concert AS c ON sic.concert_id = c.concert_id  WHERE c.year = 2014
SELECT s.name  FROM singer AS s  JOIN singer_in_concert AS sic ON s.singer_id = sic.singer_id  JOIN concert AS c ON sic.concert_id = c.concert_id  WHERE c.year = 2014
SELECT s.name  FROM singer AS s  JOIN singer_in_concert AS sic ON s.singer_id = sic.singer_id  JOIN concert AS c ON sic.concert_id = c.concert_id  WHERE c.year = 2014
SELECT s.name  FROM singer AS s  JOIN singer_in_concert AS sic ON s.singer_id = sic.singer_id  JOIN concert AS c ON sic.concert_id = c.concert_id  WHERE c.year = 2014
SELECT s.name  FROM singer AS s  JOIN singer_in_concert AS sic ON s.singer_id = sic.singer_id  JOIN concert AS c ON sic.concert_id = c.concert_id  WHERE c.year = 2014",1,1,1,1,SELECT s.name  FROM singer AS s  JOIN singer_in_concert AS sic ON s.singer_id = sic.singer_id  JOIN concert AS c ON sic.concert_id = c.concert_id  WHERE c.year = 2014,SELECT s.name  FROM singer AS s  JOIN singer_in_concert AS sic ON s.singer_id = sic.singer_id  JOIN concert AS c ON sic.concert_id = c.concert_id  WHERE c.year = 2014,1,1,1,1
"Show name, country, age for all singers ordered by age from the oldest to the youngest.",concert_singer,medium,"SELECT name ,  country ,  age FROM singer ORDER BY age DESC",7,"SELECT singer.name, singer.country, singer.age  FROM singer  ORDER BY singer.age DESC
SELECT singer.name, singer.country, singer.age  FROM singer  ORDER BY singer.age DESC
SELECT singer.name, singer.country, singer.age  FROM singer  ORDER BY singer.age DESC
SELECT singer.name, singer.country, singer.age  FROM singer  ORDER BY singer.age DESC
SELECT singer.name, singer.country, singer.age  FROM singer  ORDER BY singer.age DESC
SELECT singer.name, singer.country, singer.age  FROM singer  ORDER BY singer.age DESC
SELECT singer.name, singer.country, singer.age  FROM singer  ORDER BY singer.age DESC","SELECT name, country, age FROM singer ORDER BY age DESC
SELECT name, country, age FROM singer ORDER BY age DESC
SELECT name, country, age FROM singer ORDER BY age DESC
SELECT name, country, age FROM singer ORDER BY age DESC
SELECT name, country, age FROM singer ORDER BY age DESC
SELECT name, country, age FROM singer ORDER BY age DESC
SELECT name, country, age FROM singer ORDER BY age DESC",1,1,1,1,"SELECT singer.name, singer.country, singer.age  FROM singer  ORDER BY singer.age DESC","SELECT name, country, age FROM singer ORDER BY age DESC",1,1,1,1
Show names for all stadiums except for stadiums having a concert in year 2014.,concert_singer,hard,SELECT name FROM stadium EXCEPT SELECT T2.name FROM concert AS T1 JOIN stadium AS T2 ON T1.stadium_id  =  T2.stadium_id WHERE T1.year  =  2014,7,"SELECT s.name  FROM stadium AS s  LEFT JOIN concert AS c ON s.stadium_id = c.stadium_id  WHERE c.year != 2014 OR c.year IS NULL
SELECT s.name  FROM stadium AS s  LEFT JOIN concert AS c ON s.stadium_id = c.stadium_id  WHERE c.year != 2014 OR c.year IS NULL
SELECT s.name  FROM stadium AS s  LEFT JOIN concert AS c ON s.stadium_id = c.stadium_id  WHERE c.year != 2014 OR c.year IS NULL
SELECT s.name  FROM stadium AS s  LEFT JOIN concert AS c ON s.stadium_id = c.stadium_id  WHERE c.year != 2014 OR c.year IS NULL
SELECT s.name  FROM stadium AS s  LEFT JOIN concert AS c ON s.stadium_id = c.stadium_id  WHERE c.year != 2014 OR c.year IS NULL
SELECT s.name  FROM stadium AS s  LEFT JOIN concert AS c ON s.stadium_id = c.stadium_id  WHERE c.year != 2014 OR c.year IS NULL
SELECT s.name  FROM stadium AS s  LEFT JOIN concert AS c ON s.stadium_id = c.stadium_id  WHERE c.year != 2014 OR c.year IS NULL","SELECT s.name  FROM stadium AS s  LEFT JOIN concert AS c ON s.stadium_id = c.stadium_id  WHERE c.year != 2014 OR c.year IS NULL
SELECT s.name  FROM stadium AS s  LEFT JOIN concert AS c ON s.stadium_id = c.stadium_id  WHERE c.year != 2014 OR c.year IS NULL
SELECT s.name  FROM stadium AS s  LEFT JOIN concert AS c ON s.stadium_id = c.stadium_id  WHERE c.year != 2014 OR c.year IS NULL
SELECT s.name  FROM stadium AS s  LEFT JOIN concert AS c ON s.stadium_id = c.stadium_id  WHERE c.year != 2014 OR c.year IS NULL
SELECT s.name  FROM stadium AS s  LEFT JOIN concert AS c ON s.stadium_id = c.stadium_id  WHERE c.year != 2014 OR c.year IS NULL
SELECT s.name  FROM stadium AS s  LEFT JOIN concert AS c ON s.stadium_id = c.stadium_id  WHERE c.year != 2014 OR c.year IS NULL
SELECT s.name  FROM stadium AS s  LEFT JOIN concert AS c ON s.stadium_id = c.stadium_id  WHERE c.year != 2014 OR c.year IS NULL",0,0,0,0,SELECT s.name  FROM stadium AS s  LEFT JOIN concert AS c ON s.stadium_id = c.stadium_id  WHERE c.year != 2014 OR c.year IS NULL,SELECT s.name  FROM stadium AS s  LEFT JOIN concert AS c ON s.stadium_id = c.stadium_id  WHERE c.year != 2014 OR c.year IS NULL,0,0,0,0
What are the names of the singers who performed in a concert in 2014?,concert_singer,hard,SELECT T2.name FROM singer_in_concert AS T1 JOIN singer AS T2 ON T1.singer_id  =  T2.singer_id JOIN concert AS T3 ON T1.concert_id  =  T3.concert_id WHERE T3.year  =  2014,7,"SELECT singer.name  FROM singer  JOIN singer_in_concert ON singer.singer_id = singer_in_concert.singer_id  JOIN concert ON singer_in_concert.concert_id = concert.concert_id  WHERE concert.year = 2014
SELECT singer.name  FROM singer  JOIN singer_in_concert ON singer.singer_id = singer_in_concert.singer_id  JOIN concert ON singer_in_concert.concert_id = concert.concert_id  WHERE concert.year = 2014
SELECT singer.name  FROM singer  JOIN singer_in_concert ON singer.singer_id = singer_in_concert.singer_id  JOIN concert ON singer_in_concert.concert_id = concert.concert_id  WHERE concert.year = 2014
SELECT singer.name  FROM singer  JOIN singer_in_concert ON singer.singer_id = singer_in_concert.singer_id  JOIN concert ON singer_in_concert.concert_id = concert.concert_id  WHERE concert.year = 2014
SELECT singer.name  FROM singer  JOIN singer_in_concert ON singer.singer_id = singer_in_concert.singer_id  JOIN concert ON singer_in_concert.concert_id = concert.concert_id  WHERE concert.year = 2014
SELECT singer.name  FROM singer  JOIN singer_in_concert ON singer.singer_id = singer_in_concert.singer_id  JOIN concert ON singer_in_concert.concert_id = concert.concert_id  WHERE concert.year = 2014
SELECT singer.name  FROM singer  JOIN singer_in_concert ON singer.singer_id = singer_in_concert.singer_id  JOIN concert ON singer_in_concert.concert_id = concert.concert_id  WHERE concert.year = 2014","SELECT s.name  FROM singer AS s  JOIN singer_in_concert AS sic ON s.singer_id = sic.singer_id  JOIN concert AS c ON sic.concert_id = c.concert_id  WHERE c.year = 2014
SELECT s.name  FROM singer AS s  JOIN singer_in_concert AS sic ON s.singer_id = sic.singer_id  JOIN concert AS c ON sic.concert_id = c.concert_id  WHERE c.year = 2014
SELECT s.name  FROM singer AS s  JOIN singer_in_concert AS sic ON s.singer_id = sic.singer_id  JOIN concert AS c ON sic.concert_id = c.concert_id  WHERE c.year = 2014
SELECT s.name  FROM singer AS s  JOIN singer_in_concert AS sic ON s.singer_id = sic.singer_id  JOIN concert AS c ON sic.concert_id = c.concert_id  WHERE c.year = 2014
SELECT s.name  FROM singer AS s  JOIN singer_in_concert AS sic ON s.singer_id = sic.singer_id  JOIN concert AS c ON sic.concert_id = c.concert_id  WHERE c.year = 2014
SELECT s.name  FROM singer AS s  JOIN singer_in_concert AS sic ON s.singer_id = sic.singer_id  JOIN concert AS c ON sic.concert_id = c.concert_id  WHERE c.year = 2014
SELECT s.name  FROM singer AS s  JOIN singer_in_concert AS sic ON s.singer_id = sic.singer_id  JOIN concert AS c ON sic.concert_id = c.concert_id  WHERE c.year = 2014",1,1,1,1,SELECT singer.name  FROM singer  JOIN singer_in_concert ON singer.singer_id = singer_in_concert.singer_id  JOIN concert ON singer_in_concert.concert_id = concert.concert_id  WHERE concert.year = 2014,SELECT s.name  FROM singer AS s  JOIN singer_in_concert AS sic ON s.singer_id = sic.singer_id  JOIN concert AS c ON sic.concert_id = c.concert_id  WHERE c.year = 2014,1,1,1,1
What are the names of all stadiums that did not have a concert in 2014?,concert_singer,hard,SELECT name FROM stadium EXCEPT SELECT T2.name FROM concert AS T1 JOIN stadium AS T2 ON T1.stadium_id  =  T2.stadium_id WHERE T1.year  =  2014,7,"SELECT s.name  FROM stadium AS s  LEFT JOIN concert AS c ON s.stadium_id = c.stadium_id  WHERE c.year != 2014 OR c.year IS NULL
SELECT s.name  FROM stadium AS s  LEFT JOIN concert AS c ON s.stadium_id = c.stadium_id  WHERE c.year != 2014 OR c.year IS NULL
SELECT s.name  FROM stadium AS s  LEFT JOIN concert AS c ON s.stadium_id = c.stadium_id  WHERE c.year != 2014 OR c.year IS NULL
SELECT s.name  FROM stadium AS s  LEFT JOIN concert AS c ON s.stadium_id = c.stadium_id  WHERE c.year != 2014 OR c.year IS NULL
SELECT s.name  FROM stadium AS s  LEFT JOIN concert AS c ON s.stadium_id = c.stadium_id  WHERE c.year != 2014 OR c.year IS NULL
SELECT s.name  FROM stadium AS s  LEFT JOIN concert AS c ON s.stadium_id = c.stadium_id  WHERE c.year != 2014 OR c.year IS NULL
SELECT s.name  FROM stadium AS s  LEFT JOIN concert AS c ON s.stadium_id = c.stadium_id  WHERE c.year != 2014 OR c.year IS NULL","SELECT name  FROM stadium  WHERE stadium_id NOT IN (SELECT stadium_id FROM concert WHERE year = 2014)
SELECT name  FROM stadium  WHERE stadium_id NOT IN (SELECT stadium_id FROM concert WHERE year = 2014)
SELECT name  FROM stadium  WHERE stadium_id NOT IN (SELECT stadium_id FROM concert WHERE year = 2014)
SELECT name  FROM stadium  WHERE stadium_id NOT IN (SELECT stadium_id FROM concert WHERE year = 2014)
SELECT name  FROM stadium  WHERE stadium_id NOT IN (SELECT stadium_id FROM concert WHERE year = 2014)
SELECT name  FROM stadium  WHERE stadium_id NOT IN (SELECT stadium_id FROM concert WHERE year = 2014)
SELECT name  FROM stadium  WHERE stadium_id NOT IN (SELECT stadium_id FROM concert WHERE year = 2014)",0,0,0,1,SELECT s.name  FROM stadium AS s  LEFT JOIN concert AS c ON s.stadium_id = c.stadium_id  WHERE c.year != 2014 OR c.year IS NULL,SELECT name  FROM stadium  WHERE stadium_id NOT IN (SELECT stadium_id FROM concert WHERE year = 2014),0,0,0,1
Show the name and theme for all concerts and the number of singers in each concert.,concert_singer,medium,"SELECT T2.concert_name ,  T2.theme ,  count(*) FROM singer_in_concert AS T1 JOIN concert AS T2 ON T1.concert_id  =  T2.concert_id GROUP BY T2.concert_id",7,"SELECT c.concert_name, c.theme, COUNT(sic.singer_id) as num_singers FROM concert as c LEFT JOIN singer_in_concert as sic ON c.concert_id = sic.concert_id GROUP BY c.concert_id
SELECT c.concert_name, c.theme, COUNT(sic.singer_id) as num_singers FROM concert as c LEFT JOIN singer_in_concert as sic ON c.concert_id = sic.concert_id GROUP BY c.concert_id
SELECT c.concert_name, c.theme, COUNT(sic.singer_id) as num_singers FROM concert as c LEFT JOIN singer_in_concert as sic ON c.concert_id = sic.concert_id GROUP BY c.concert_id
SELECT c.concert_name, c.theme, COUNT(sic.singer_id) as num_singers FROM concert as c LEFT JOIN singer_in_concert as sic ON c.concert_id = sic.concert_id GROUP BY c.concert_id
SELECT c.concert_name, c.theme, COUNT(sic.singer_id) as num_singers FROM concert as c LEFT JOIN singer_in_concert as sic ON c.concert_id = sic.concert_id GROUP BY c.concert_id
SELECT c.concert_name, c.theme, COUNT(sic.singer_id) as num_singers FROM concert as c LEFT JOIN singer_in_concert as sic ON c.concert_id = sic.concert_id GROUP BY c.concert_id
SELECT c.concert_name, c.theme, COUNT(sic.singer_id) as num_singers FROM concert as c LEFT JOIN singer_in_concert as sic ON c.concert_id = sic.concert_id GROUP BY c.concert_id","SELECT c.concert_name, c.theme, COUNT(sic.singer_id) AS num_singers FROM concert AS c JOIN singer_in_concert AS sic ON c.concert_id = sic.concert_id GROUP BY c.concert_id
SELECT c.concert_name, c.theme, COUNT(sic.singer_id) AS num_singers FROM concert AS c JOIN singer_in_concert AS sic ON c.concert_id = sic.concert_id GROUP BY c.concert_id
SELECT c.concert_name, c.theme, COUNT(sic.singer_id) AS num_singers FROM concert AS c JOIN singer_in_concert AS sic ON c.concert_id = sic.concert_id GROUP BY c.concert_id
SELECT c.concert_name, c.theme, COUNT(sic.singer_id) AS num_singers FROM concert AS c JOIN singer_in_concert AS sic ON c.concert_id = sic.concert_id GROUP BY c.concert_id
SELECT c.concert_name, c.theme, COUNT(sic.singer_id) AS num_singers FROM concert AS c JOIN singer_in_concert AS sic ON c.concert_id = sic.concert_id GROUP BY c.concert_id
SELECT c.concert_name, c.theme, COUNT(sic.singer_id) AS num_singers FROM concert AS c JOIN singer_in_concert AS sic ON c.concert_id = sic.concert_id GROUP BY c.concert_id
SELECT c.concert_name, c.theme, COUNT(sic.singer_id) AS num_singers FROM concert AS c JOIN singer_in_concert AS sic ON c.concert_id = sic.concert_id GROUP BY c.concert_id",0,1,0,1,"SELECT c.concert_name, c.theme, COUNT(sic.singer_id) as num_singers FROM concert as c LEFT JOIN singer_in_concert as sic ON c.concert_id = sic.concert_id GROUP BY c.concert_id","SELECT c.concert_name, c.theme, COUNT(sic.singer_id) AS num_singers FROM concert AS c JOIN singer_in_concert AS sic ON c.concert_id = sic.concert_id GROUP BY c.concert_id",0,1,0,1
List all song names by singers above the average age.,concert_singer,hard,SELECT song_name FROM singer WHERE age  >  (SELECT avg(age) FROM singer),7,"SELECT s.song_name  FROM singer AS s  WHERE s.age > (SELECT AVG(s.age) FROM singer AS s)
SELECT s.song_name  FROM singer AS s  WHERE s.age > (SELECT AVG(s.age) FROM singer AS s)
SELECT s.song_name  FROM singer AS s  WHERE s.age > (SELECT AVG(s.age) FROM singer AS s)
SELECT s.song_name  FROM singer AS s  WHERE s.age > (SELECT AVG(s.age) FROM singer AS s)
SELECT s.song_name  FROM singer AS s  WHERE s.age > (SELECT AVG(s.age) FROM singer AS s)
SELECT s.song_name  FROM singer AS s  WHERE s.age > (SELECT AVG(s.age) FROM singer AS s)
SELECT s.song_name  FROM singer AS s  WHERE s.age > (SELECT AVG(s.age) FROM singer AS s)","SELECT s.song_name  FROM singer AS s  WHERE s.age > (SELECT AVG(s2.age) FROM singer AS s2)
SELECT s.song_name  FROM singer AS s  WHERE s.age > (SELECT AVG(s2.age) FROM singer AS s2)
SELECT s.song_name  FROM singer AS s  WHERE s.age > (SELECT AVG(s2.age) FROM singer AS s2)
SELECT s.song_name  FROM singer AS s  WHERE s.age > (SELECT AVG(s2.age) FROM singer AS s2)
SELECT s.song_name  FROM singer AS s  WHERE s.age > (SELECT AVG(s2.age) FROM singer AS s2)
SELECT s.song_name  FROM singer AS s  WHERE s.age > (SELECT AVG(s2.age) FROM singer AS s2)
SELECT s.song_name  FROM singer AS s  WHERE s.age > (SELECT AVG(s2.age) FROM singer AS s2)",1,1,1,1,SELECT s.song_name  FROM singer AS s  WHERE s.age > (SELECT AVG(s.age) FROM singer AS s),SELECT s.song_name  FROM singer AS s  WHERE s.age > (SELECT AVG(s2.age) FROM singer AS s2),1,1,1,1
What is the total number of singers?,concert_singer,easy,SELECT count(*) FROM singer,7,"SELECT COUNT(*) FROM singer
SELECT COUNT(*) FROM singer
SELECT COUNT(*) FROM singer
SELECT COUNT(*) FROM singer
SELECT COUNT(*) FROM singer
SELECT COUNT(*) FROM singer
SELECT COUNT(*) FROM singer","SELECT COUNT(*) FROM singer
SELECT COUNT(*) FROM singer
SELECT COUNT(*) FROM singer
SELECT COUNT(*) FROM singer
SELECT COUNT(*) FROM singer
SELECT COUNT(*) FROM singer
SELECT COUNT(*) FROM singer",1,1,1,1,SELECT COUNT(*) FROM singer,SELECT COUNT(*) FROM singer,1,1,1,1
what is the name and nation of the singer who have a song having 'Hey' in its name?,concert_singer,medium,"SELECT name ,  country FROM singer WHERE song_name LIKE '%Hey%'",7,"SELECT singer.name, singer.country  FROM singer  JOIN singer_in_concert ON singer.singer_id = singer_in_concert.singer_id  JOIN concert ON singer_in_concert.concert_id = concert.concert_id  WHERE singer.song_name LIKE '%Hey%'
SELECT singer.name, singer.country  FROM singer  JOIN singer_in_concert ON singer.singer_id = singer_in_concert.singer_id  JOIN concert ON singer_in_concert.concert_id = concert.concert_id  WHERE singer.song_name LIKE '%Hey%'
SELECT singer.name, singer.country  FROM singer  JOIN singer_in_concert ON singer.singer_id = singer_in_concert.singer_id  JOIN concert ON singer_in_concert.concert_id = concert.concert_id  WHERE singer.song_name LIKE '%Hey%'
SELECT singer.name, singer.country  FROM singer  JOIN singer_in_concert ON singer.singer_id = singer_in_concert.singer_id  JOIN concert ON singer_in_concert.concert_id = concert.concert_id  WHERE singer.song_name LIKE '%Hey%'
SELECT singer.name, singer.country  FROM singer  JOIN singer_in_concert ON singer.singer_id = singer_in_concert.singer_id  JOIN concert ON singer_in_concert.concert_id = concert.concert_id  WHERE singer.song_name LIKE '%Hey%'
SELECT singer.name, singer.country  FROM singer  JOIN singer_in_concert ON singer.singer_id = singer_in_concert.singer_id  JOIN concert ON singer_in_concert.concert_id = concert.concert_id  WHERE singer.song_name LIKE '%Hey%'
SELECT singer.name, singer.country  FROM singer  JOIN singer_in_concert ON singer.singer_id = singer_in_concert.singer_id  JOIN concert ON singer_in_concert.concert_id = concert.concert_id  WHERE singer.song_name LIKE '%Hey%'","SELECT singer.name, singer.country  FROM singer  JOIN singer_in_concert ON singer.singer_id = singer_in_concert.singer_id  JOIN concert ON singer_in_concert.concert_id = concert.concert_id  WHERE singer.song_name LIKE '%Hey%'
SELECT singer.name, singer.country  FROM singer  JOIN singer_in_concert ON singer.singer_id = singer_in_concert.singer_id  JOIN concert ON singer_in_concert.concert_id = concert.concert_id  WHERE singer.song_name LIKE '%Hey%'
SELECT singer.name, singer.country  FROM singer  JOIN singer_in_concert ON singer.singer_id = singer_in_concert.singer_id  JOIN concert ON singer_in_concert.concert_id = concert.concert_id  WHERE singer.song_name LIKE '%Hey%'
SELECT singer.name, singer.country  FROM singer  JOIN singer_in_concert ON singer.singer_id = singer_in_concert.singer_id  JOIN concert ON singer_in_concert.concert_id = concert.concert_id  WHERE singer.song_name LIKE '%Hey%'
SELECT singer.name, singer.country  FROM singer  JOIN singer_in_concert ON singer.singer_id = singer_in_concert.singer_id  JOIN concert ON singer_in_concert.concert_id = concert.concert_id  WHERE singer.song_name LIKE '%Hey%'
SELECT singer.name, singer.country  FROM singer  JOIN singer_in_concert ON singer.singer_id = singer_in_concert.singer_id  JOIN concert ON singer_in_concert.concert_id = concert.concert_id  WHERE singer.song_name LIKE '%Hey%'
SELECT singer.name, singer.country  FROM singer  JOIN singer_in_concert ON singer.singer_id = singer_in_concert.singer_id  JOIN concert ON singer_in_concert.concert_id = concert.concert_id  WHERE singer.song_name LIKE '%Hey%'",0,1,0,1,"SELECT singer.name, singer.country  FROM singer  JOIN singer_in_concert ON singer.singer_id = singer_in_concert.singer_id  JOIN concert ON singer_in_concert.concert_id = concert.concert_id  WHERE singer.song_name LIKE '%Hey%'","SELECT singer.name, singer.country  FROM singer  JOIN singer_in_concert ON singer.singer_id = singer_in_concert.singer_id  JOIN concert ON singer_in_concert.concert_id = concert.concert_id  WHERE singer.song_name LIKE '%Hey%'",0,1,0,1
What are the names of the singers and number of concerts for each person?,concert_singer,medium,"SELECT T2.name ,  count(*) FROM singer_in_concert AS T1 JOIN singer AS T2 ON T1.singer_id  =  T2.singer_id GROUP BY T2.singer_id",7,"SELECT s.name AS singer_name, COUNT(sic.concert_id) AS number_of_concerts FROM singer AS s LEFT JOIN singer_in_concert AS sic ON s.singer_id = sic.singer_id GROUP BY s.name
SELECT s.name AS singer_name, COUNT(sic.concert_id) AS number_of_concerts FROM singer AS s LEFT JOIN singer_in_concert AS sic ON s.singer_id = sic.singer_id GROUP BY s.name
SELECT s.name AS singer_name, COUNT(sic.concert_id) AS number_of_concerts FROM singer AS s LEFT JOIN singer_in_concert AS sic ON s.singer_id = sic.singer_id GROUP BY s.name
SELECT s.name AS singer_name, COUNT(sic.concert_id) AS number_of_concerts FROM singer AS s LEFT JOIN singer_in_concert AS sic ON s.singer_id = sic.singer_id GROUP BY s.name
SELECT s.name AS singer_name, COUNT(sic.concert_id) AS number_of_concerts FROM singer AS s LEFT JOIN singer_in_concert AS sic ON s.singer_id = sic.singer_id GROUP BY s.name
SELECT s.name AS singer_name, COUNT(sic.concert_id) AS number_of_concerts FROM singer AS s LEFT JOIN singer_in_concert AS sic ON s.singer_id = sic.singer_id GROUP BY s.name
SELECT s.name AS singer_name, COUNT(sic.concert_id) AS number_of_concerts FROM singer AS s LEFT JOIN singer_in_concert AS sic ON s.singer_id = sic.singer_id GROUP BY s.name","SELECT s.name, COUNT(sic.concert_id) as num_of_concerts FROM singer s JOIN singer_in_concert sic ON s.singer_id = sic.singer_id GROUP BY s.name
SELECT s.name, COUNT(sic.concert_id) as num_of_concerts FROM singer s JOIN singer_in_concert sic ON s.singer_id = sic.singer_id GROUP BY s.name
SELECT s.name, COUNT(sic.concert_id) as num_of_concerts FROM singer s JOIN singer_in_concert sic ON s.singer_id = sic.singer_id GROUP BY s.name
SELECT s.name, COUNT(sic.concert_id) as num_of_concerts FROM singer s JOIN singer_in_concert sic ON s.singer_id = sic.singer_id GROUP BY s.name
SELECT s.name, COUNT(sic.concert_id) as num_of_concerts FROM singer s JOIN singer_in_concert sic ON s.singer_id = sic.singer_id GROUP BY s.name
SELECT s.name, COUNT(sic.concert_id) as num_of_concerts FROM singer s JOIN singer_in_concert sic ON s.singer_id = sic.singer_id GROUP BY s.name
SELECT s.name, COUNT(sic.concert_id) as num_of_concerts FROM singer s JOIN singer_in_concert sic ON s.singer_id = sic.singer_id GROUP BY s.name",0,0,0,1,"SELECT s.name AS singer_name, COUNT(sic.concert_id) AS number_of_concerts FROM singer AS s LEFT JOIN singer_in_concert AS sic ON s.singer_id = sic.singer_id GROUP BY s.name","SELECT s.name, COUNT(sic.concert_id) as num_of_concerts FROM singer s JOIN singer_in_concert sic ON s.singer_id = sic.singer_id GROUP BY s.name",0,0,0,1
What is the average and maximum capacities for all stadiums ?,concert_singer,medium,"select avg(capacity) ,  max(capacity) from stadium",7,"SELECT AVG(capacity), MAX(capacity) FROM stadium
SELECT AVG(capacity), MAX(capacity) FROM stadium
SELECT AVG(capacity), MAX(capacity) FROM stadium
SELECT AVG(capacity), MAX(capacity) FROM stadium
SELECT AVG(capacity), MAX(capacity) FROM stadium
SELECT AVG(capacity), MAX(capacity) FROM stadium
SELECT AVG(capacity), MAX(capacity) FROM stadium","SELECT AVG(capacity), MAX(capacity) FROM stadium
SELECT AVG(capacity), MAX(capacity) FROM stadium
SELECT AVG(capacity), MAX(capacity) FROM stadium
SELECT AVG(capacity), MAX(capacity) FROM stadium
SELECT AVG(capacity), MAX(capacity) FROM stadium
SELECT AVG(capacity), MAX(capacity) FROM stadium
SELECT AVG(capacity), MAX(capacity) FROM stadium",1,1,1,1,"SELECT AVG(capacity), MAX(capacity) FROM stadium","SELECT AVG(capacity), MAX(capacity) FROM stadium",1,1,1,1
What is the name and capacity for the stadium with highest average attendance?,concert_singer,medium,"SELECT name ,  capacity FROM stadium ORDER BY average DESC LIMIT 1",7,"SELECT name, capacity  FROM stadium  ORDER BY average DESC  LIMIT 1
SELECT name, capacity  FROM stadium  ORDER BY average DESC  LIMIT 1
SELECT name, capacity  FROM stadium  ORDER BY average DESC  LIMIT 1
SELECT name, capacity  FROM stadium  ORDER BY average DESC  LIMIT 1
SELECT name, capacity  FROM stadium  ORDER BY average DESC  LIMIT 1
SELECT name, capacity  FROM stadium  ORDER BY average DESC  LIMIT 1
SELECT name, capacity  FROM stadium  ORDER BY average DESC  LIMIT 1","SELECT name, capacity  FROM stadium  WHERE average = (SELECT MAX(average) FROM stadium)
SELECT name, capacity  FROM stadium  WHERE average = (SELECT MAX(average) FROM stadium)
SELECT name, capacity  FROM stadium  WHERE average = (SELECT MAX(average) FROM stadium)
SELECT name, capacity  FROM stadium  WHERE average = (SELECT MAX(average) FROM stadium)
SELECT name, capacity  FROM stadium  WHERE average = (SELECT MAX(average) FROM stadium)
SELECT name, capacity  FROM stadium  WHERE average = (SELECT MAX(average) FROM stadium)
SELECT name, capacity  FROM stadium  WHERE average = (SELECT MAX(average) FROM stadium)",1,1,0,1,"SELECT name, capacity  FROM stadium  ORDER BY average DESC  LIMIT 1","SELECT name, capacity  FROM stadium  WHERE average = (SELECT MAX(average) FROM stadium)",1,1,0,1
Show location and name for all stadiums with a capacity between 5000 and 10000.,concert_singer,medium,"SELECT LOCATION ,  name FROM stadium WHERE capacity BETWEEN 5000 AND 10000",7,"SELECT location, name FROM stadium WHERE capacity BETWEEN 5000 AND 10000
SELECT location, name FROM stadium WHERE capacity BETWEEN 5000 AND 10000
SELECT location, name FROM stadium WHERE capacity BETWEEN 5000 AND 10000
SELECT location, name FROM stadium WHERE capacity BETWEEN 5000 AND 10000
SELECT location, name FROM stadium WHERE capacity BETWEEN 5000 AND 10000
SELECT location, name FROM stadium WHERE capacity BETWEEN 5000 AND 10000
SELECT location, name FROM stadium WHERE capacity BETWEEN 5000 AND 10000","SELECT location, name  FROM stadium  WHERE capacity BETWEEN 5000 AND 10000
SELECT location, name  FROM stadium  WHERE capacity BETWEEN 5000 AND 10000
SELECT location, name  FROM stadium  WHERE capacity BETWEEN 5000 AND 10000
SELECT location, name  FROM stadium  WHERE capacity BETWEEN 5000 AND 10000
SELECT location, name  FROM stadium  WHERE capacity BETWEEN 5000 AND 10000
SELECT location, name  FROM stadium  WHERE capacity BETWEEN 5000 AND 10000
SELECT location, name  FROM stadium  WHERE capacity BETWEEN 5000 AND 10000",1,1,1,1,"SELECT location, name FROM stadium WHERE capacity BETWEEN 5000 AND 10000","SELECT location, name  FROM stadium  WHERE capacity BETWEEN 5000 AND 10000",1,1,1,1
What is the name and capacity of the stadium with the most concerts after 2013 ?,concert_singer,extra,"select t2.name ,  t2.capacity from concert as t1 join stadium as t2 on t1.stadium_id  =  t2.stadium_id where t1.year  >  2013 group by t2.stadium_id order by count(*) desc limit 1",7,"SELECT s.name, s.capacity  FROM stadium AS s  JOIN (SELECT c.stadium_id        FROM concert AS c        WHERE c.year > 2013        GROUP BY c.stadium_id        ORDER BY COUNT(*) DESC        LIMIT 1) AS subquery  ON s.stadium_id = subquery.stadium_id
SELECT s.name, s.capacity  FROM stadium AS s  JOIN (SELECT c.stadium_id        FROM concert AS c        WHERE c.year > 2013        GROUP BY c.stadium_id        ORDER BY COUNT(*) DESC        LIMIT 1) AS subquery  ON s.stadium_id = subquery.stadium_id
SELECT s.name, s.capacity  FROM stadium AS s  JOIN (SELECT c.stadium_id        FROM concert AS c        WHERE c.year > 2013        GROUP BY c.stadium_id        ORDER BY COUNT(*) DESC        LIMIT 1) AS subquery  ON s.stadium_id = subquery.stadium_id
SELECT s.name, s.capacity  FROM stadium AS s  JOIN (SELECT c.stadium_id        FROM concert AS c        WHERE c.year > 2013        GROUP BY c.stadium_id        ORDER BY COUNT(*) DESC        LIMIT 1) AS subquery  ON s.stadium_id = subquery.stadium_id
SELECT s.name, s.capacity  FROM stadium AS s  JOIN (SELECT c.stadium_id        FROM concert AS c        WHERE c.year > 2013        GROUP BY c.stadium_id        ORDER BY COUNT(*) DESC        LIMIT 1) AS subquery  ON s.stadium_id = subquery.stadium_id
SELECT s.name, s.capacity  FROM stadium AS s  JOIN (SELECT c.stadium_id        FROM concert AS c        WHERE c.year > 2013        GROUP BY c.stadium_id        ORDER BY COUNT(*) DESC        LIMIT 1) AS subquery  ON s.stadium_id = subquery.stadium_id
SELECT s.name, s.capacity  FROM stadium AS s  JOIN (SELECT c.stadium_id        FROM concert AS c        WHERE c.year > 2013        GROUP BY c.stadium_id        ORDER BY COUNT(*) DESC        LIMIT 1) AS subquery  ON s.stadium_id = subquery.stadium_id","SELECT s.name, s.capacity  FROM stadium AS s  JOIN (     SELECT c.stadium_id      FROM concert AS c      WHERE c.year > 2013      GROUP BY c.stadium_id      ORDER BY COUNT(*) DESC      LIMIT 1 ) AS sc  ON s.stadium_id = sc.stadium_id
SELECT s.name, s.capacity  FROM stadium AS s  JOIN (     SELECT c.stadium_id      FROM concert AS c      WHERE c.year > 2013      GROUP BY c.stadium_id      ORDER BY COUNT(*) DESC      LIMIT 1 ) AS sc  ON s.stadium_id = sc.stadium_id
SELECT s.name, s.capacity  FROM stadium AS s  JOIN (     SELECT c.stadium_id      FROM concert AS c      WHERE c.year > 2013      GROUP BY c.stadium_id      ORDER BY COUNT(*) DESC      LIMIT 1 ) AS sc  ON s.stadium_id = sc.stadium_id
SELECT s.name, s.capacity  FROM stadium AS s  JOIN (     SELECT c.stadium_id      FROM concert AS c      WHERE c.year > 2013      GROUP BY c.stadium_id      ORDER BY COUNT(*) DESC      LIMIT 1 ) AS sc  ON s.stadium_id = sc.stadium_id
SELECT s.name, s.capacity  FROM stadium AS s  JOIN (     SELECT c.stadium_id      FROM concert AS c      WHERE c.year > 2013      GROUP BY c.stadium_id      ORDER BY COUNT(*) DESC      LIMIT 1 ) AS sc  ON s.stadium_id = sc.stadium_id
SELECT s.name, s.capacity  FROM stadium AS s  JOIN (     SELECT c.stadium_id      FROM concert AS c      WHERE c.year > 2013      GROUP BY c.stadium_id      ORDER BY COUNT(*) DESC      LIMIT 1 ) AS sc  ON s.stadium_id = sc.stadium_id
SELECT s.name, s.capacity  FROM stadium AS s  JOIN (     SELECT c.stadium_id      FROM concert AS c      WHERE c.year > 2013      GROUP BY c.stadium_id      ORDER BY COUNT(*) DESC      LIMIT 1 ) AS sc  ON s.stadium_id = sc.stadium_id",0,1,0,1,"SELECT s.name, s.capacity  FROM stadium AS s  JOIN (SELECT c.stadium_id        FROM concert AS c        WHERE c.year > 2013        GROUP BY c.stadium_id        ORDER BY COUNT(*) DESC        LIMIT 1) AS subquery  ON s.stadium_id = subquery.stadium_id","SELECT s.name, s.capacity  FROM stadium AS s  JOIN (     SELECT c.stadium_id      FROM concert AS c      WHERE c.year > 2013      GROUP BY c.stadium_id      ORDER BY COUNT(*) DESC      LIMIT 1 ) AS sc  ON s.stadium_id = sc.stadium_id",0,1,0,1
What are all the song names by singers who are older than average?,concert_singer,hard,SELECT song_name FROM singer WHERE age  >  (SELECT avg(age) FROM singer),7,"SELECT s.song_name  FROM singer AS s  WHERE s.age > (SELECT AVG(s.age) FROM singer AS s)
SELECT s.song_name  FROM singer AS s  WHERE s.age > (SELECT AVG(s.age) FROM singer AS s)
SELECT s.song_name  FROM singer AS s  WHERE s.age > (SELECT AVG(s.age) FROM singer AS s)
SELECT s.song_name  FROM singer AS s  WHERE s.age > (SELECT AVG(s.age) FROM singer AS s)
SELECT s.song_name  FROM singer AS s  WHERE s.age > (SELECT AVG(s.age) FROM singer AS s)
SELECT s.song_name  FROM singer AS s  WHERE s.age > (SELECT AVG(s.age) FROM singer AS s)
SELECT s.song_name  FROM singer AS s  WHERE s.age > (SELECT AVG(s.age) FROM singer AS s)","SELECT s.song_name  FROM singer AS s  WHERE s.age > (SELECT AVG(s2.age) FROM singer AS s2)
SELECT s.song_name  FROM singer AS s  WHERE s.age > (SELECT AVG(s2.age) FROM singer AS s2)
SELECT s.song_name  FROM singer AS s  WHERE s.age > (SELECT AVG(s2.age) FROM singer AS s2)
SELECT s.song_name  FROM singer AS s  WHERE s.age > (SELECT AVG(s2.age) FROM singer AS s2)
SELECT s.song_name  FROM singer AS s  WHERE s.age > (SELECT AVG(s2.age) FROM singer AS s2)
SELECT s.song_name  FROM singer AS s  WHERE s.age > (SELECT AVG(s2.age) FROM singer AS s2)
SELECT s.song_name  FROM singer AS s  WHERE s.age > (SELECT AVG(s2.age) FROM singer AS s2)",1,1,1,1,SELECT s.song_name  FROM singer AS s  WHERE s.age > (SELECT AVG(s.age) FROM singer AS s),SELECT s.song_name  FROM singer AS s  WHERE s.age > (SELECT AVG(s2.age) FROM singer AS s2),1,1,1,1
What is the year that had the most concerts?,concert_singer,hard,SELECT YEAR FROM concert GROUP BY YEAR ORDER BY count(*) DESC LIMIT 1,7,"SELECT year, COUNT(*) as num_concerts  FROM concert  GROUP BY year  ORDER BY num_concerts DESC  LIMIT 1
SELECT year, COUNT(*) as num_concerts  FROM concert  GROUP BY year  ORDER BY num_concerts DESC  LIMIT 1
SELECT year, COUNT(*) as num_concerts  FROM concert  GROUP BY year  ORDER BY num_concerts DESC  LIMIT 1
SELECT year, COUNT(*) as num_concerts  FROM concert  GROUP BY year  ORDER BY num_concerts DESC  LIMIT 1
SELECT year, COUNT(*) as num_concerts  FROM concert  GROUP BY year  ORDER BY num_concerts DESC  LIMIT 1
SELECT year, COUNT(*) as num_concerts  FROM concert  GROUP BY year  ORDER BY num_concerts DESC  LIMIT 1
SELECT year, COUNT(*) as num_concerts  FROM concert  GROUP BY year  ORDER BY num_concerts DESC  LIMIT 1","SELECT year, COUNT(*) as num_concerts FROM concert GROUP BY year ORDER BY num_concerts DESC LIMIT 1
SELECT year, COUNT(*) as num_concerts FROM concert GROUP BY year ORDER BY num_concerts DESC LIMIT 1
SELECT year, COUNT(*) as num_concerts FROM concert GROUP BY year ORDER BY num_concerts DESC LIMIT 1
SELECT year, COUNT(*) as num_concerts FROM concert GROUP BY year ORDER BY num_concerts DESC LIMIT 1
SELECT year, COUNT(*) as num_concerts FROM concert GROUP BY year ORDER BY num_concerts DESC LIMIT 1
SELECT year, COUNT(*) as num_concerts FROM concert GROUP BY year ORDER BY num_concerts DESC LIMIT 1
SELECT year, COUNT(*) as num_concerts FROM concert GROUP BY year ORDER BY num_concerts DESC LIMIT 1",0,0,0,0,"SELECT year, COUNT(*) as num_concerts  FROM concert  GROUP BY year  ORDER BY num_concerts DESC  LIMIT 1","SELECT year, COUNT(*) as num_concerts FROM concert GROUP BY year ORDER BY num_concerts DESC LIMIT 1",0,0,0,0
What are the names and release years for all the songs of the youngest singer?,concert_singer,medium,"SELECT song_name ,  song_release_year FROM singer ORDER BY age LIMIT 1",7,"SELECT s.song_name, s.song_release_year  FROM singer AS s  JOIN singer_in_concert ASsic ON s.singer_id =  sic.singer_id  WHERE s.age = (SELECT MIN(age) FROM singer) 
SELECT s.song_name, s.song_release_year  FROM singer AS s  JOIN singer_in_concert ASsic ON s.singer_id =  sic.singer_id  WHERE s.age = (SELECT MIN(age) FROM singer) 
SELECT s.song_name, s.song_release_year  FROM singer AS s  JOIN singer_in_concert ASsic ON s.singer_id =  sic.singer_id  WHERE s.age = (SELECT MIN(age) FROM singer) 
SELECT s.song_name, s.song_release_year  FROM singer AS s  JOIN singer_in_concert ASsic ON s.singer_id =  sic.singer_id  WHERE s.age = (SELECT MIN(age) FROM singer) 
SELECT s.song_name, s.song_release_year  FROM singer AS s  JOIN singer_in_concert ASsic ON s.singer_id =  sic.singer_id  WHERE s.age = (SELECT MIN(age) FROM singer) 
SELECT s.song_name, s.song_release_year  FROM singer AS s  JOIN singer_in_concert ASsic ON s.singer_id =  sic.singer_id  WHERE s.age = (SELECT MIN(age) FROM singer) 
SELECT s.song_name, s.song_release_year  FROM singer AS s  JOIN singer_in_concert ASsic ON s.singer_id =  sic.singer_id  WHERE s.age = (SELECT MIN(age) FROM singer) ","SELECT s.name, s.song_release_year FROM singer AS s WHERE s.age = (SELECT MIN(s2.age) FROM singer AS s2) 
SELECT s.name, s.song_release_year FROM singer AS s WHERE s.age = (SELECT MIN(s2.age) FROM singer AS s2) 
SELECT s.name, s.song_release_year FROM singer AS s WHERE s.age = (SELECT MIN(s2.age) FROM singer AS s2) 
SELECT s.name, s.song_release_year FROM singer AS s WHERE s.age = (SELECT MIN(s2.age) FROM singer AS s2) 
SELECT s.name, s.song_release_year FROM singer AS s WHERE s.age = (SELECT MIN(s2.age) FROM singer AS s2) 
SELECT s.name, s.song_release_year FROM singer AS s WHERE s.age = (SELECT MIN(s2.age) FROM singer AS s2) 
SELECT s.name, s.song_release_year FROM singer AS s WHERE s.age = (SELECT MIN(s2.age) FROM singer AS s2) ",0,0,0,0,"SELECT s.song_name, s.song_release_year  FROM singer AS s  JOIN singer_in_concert ASsic ON s.singer_id =  sic.singer_id  WHERE s.age = (SELECT MIN(age) FROM singer) ","SELECT s.name, s.song_release_year FROM singer AS s WHERE s.age = (SELECT MIN(s2.age) FROM singer AS s2) ",0,0,0,0
Find the number of concerts happened in the stadium with the highest capacity .,concert_singer,hard,select count(*) from concert where stadium_id = (select stadium_id from stadium order by capacity desc limit 1),7,"SELECT COUNT(*)  FROM concert  WHERE stadium_id IN (SELECT stadium_id FROM stadium WHERE capacity = (SELECT MAX(capacity) FROM stadium))
SELECT COUNT(*)  FROM concert  WHERE stadium_id IN (SELECT stadium_id FROM stadium WHERE capacity = (SELECT MAX(capacity) FROM stadium))
SELECT COUNT(*)  FROM concert  WHERE stadium_id IN (SELECT stadium_id FROM stadium WHERE capacity = (SELECT MAX(capacity) FROM stadium))
SELECT COUNT(*)  FROM concert  WHERE stadium_id IN (SELECT stadium_id FROM stadium WHERE capacity = (SELECT MAX(capacity) FROM stadium))
SELECT COUNT(*)  FROM concert  WHERE stadium_id IN (SELECT stadium_id FROM stadium WHERE capacity = (SELECT MAX(capacity) FROM stadium))
SELECT COUNT(*)  FROM concert  WHERE stadium_id IN (SELECT stadium_id FROM stadium WHERE capacity = (SELECT MAX(capacity) FROM stadium))
SELECT COUNT(*)  FROM concert  WHERE stadium_id IN (SELECT stadium_id FROM stadium WHERE capacity = (SELECT MAX(capacity) FROM stadium))","SELECT COUNT(*)  FROM concert  WHERE stadium_id =      (SELECT stadium_id       FROM stadium       ORDER BY capacity DESC       LIMIT 1)
SELECT COUNT(*)  FROM concert  WHERE stadium_id =      (SELECT stadium_id       FROM stadium       ORDER BY capacity DESC       LIMIT 1)
SELECT COUNT(*)  FROM concert  WHERE stadium_id =      (SELECT stadium_id       FROM stadium       ORDER BY capacity DESC       LIMIT 1)
SELECT COUNT(*)  FROM concert  WHERE stadium_id =      (SELECT stadium_id       FROM stadium       ORDER BY capacity DESC       LIMIT 1)
SELECT COUNT(*)  FROM concert  WHERE stadium_id =      (SELECT stadium_id       FROM stadium       ORDER BY capacity DESC       LIMIT 1)
SELECT COUNT(*)  FROM concert  WHERE stadium_id =      (SELECT stadium_id       FROM stadium       ORDER BY capacity DESC       LIMIT 1)
SELECT COUNT(*)  FROM concert  WHERE stadium_id =      (SELECT stadium_id       FROM stadium       ORDER BY capacity DESC       LIMIT 1)",0,1,1,1,SELECT COUNT(*)  FROM concert  WHERE stadium_id IN (SELECT stadium_id FROM stadium WHERE capacity = (SELECT MAX(capacity) FROM stadium)),SELECT COUNT(*)  FROM concert  WHERE stadium_id =      (SELECT stadium_id       FROM stadium       ORDER BY capacity DESC       LIMIT 1),0,1,1,1
What is the name and capacity for the stadium with the highest average attendance?,concert_singer,medium,"SELECT name ,  capacity FROM stadium ORDER BY average DESC LIMIT 1",7,"SELECT name, capacity  FROM stadium  ORDER BY average DESC  LIMIT 1
SELECT name, capacity  FROM stadium  ORDER BY average DESC  LIMIT 1
SELECT name, capacity  FROM stadium  ORDER BY average DESC  LIMIT 1
SELECT name, capacity  FROM stadium  ORDER BY average DESC  LIMIT 1
SELECT name, capacity  FROM stadium  ORDER BY average DESC  LIMIT 1
SELECT name, capacity  FROM stadium  ORDER BY average DESC  LIMIT 1
SELECT name, capacity  FROM stadium  ORDER BY average DESC  LIMIT 1","SELECT name, capacity  FROM stadium  ORDER BY average DESC  LIMIT 1
SELECT name, capacity  FROM stadium  ORDER BY average DESC  LIMIT 1
SELECT name, capacity  FROM stadium  ORDER BY average DESC  LIMIT 1
SELECT name, capacity  FROM stadium  ORDER BY average DESC  LIMIT 1
SELECT name, capacity  FROM stadium  ORDER BY average DESC  LIMIT 1
SELECT name, capacity  FROM stadium  ORDER BY average DESC  LIMIT 1
SELECT name, capacity  FROM stadium  ORDER BY average DESC  LIMIT 1",1,1,1,1,"SELECT name, capacity  FROM stadium  ORDER BY average DESC  LIMIT 1","SELECT name, capacity  FROM stadium  ORDER BY average DESC  LIMIT 1",1,1,1,1
Show the name and the release year of the song by the youngest singer.,concert_singer,medium,"SELECT song_name ,  song_release_year FROM singer ORDER BY age LIMIT 1",7,"SELECT s.name, s.song_release_year  FROM singer AS s  JOIN (SELECT singer_id, MIN(age) AS youngest_age        FROM singer        GROUP BY singer_id) AS y  ON s.singer_id = y.singer_id  AND s.age = y.youngest_age
SELECT s.name, s.song_release_year  FROM singer AS s  JOIN (SELECT singer_id, MIN(age) AS youngest_age        FROM singer        GROUP BY singer_id) AS y  ON s.singer_id = y.singer_id  AND s.age = y.youngest_age
SELECT s.name, s.song_release_year  FROM singer AS s  JOIN (SELECT singer_id, MIN(age) AS youngest_age        FROM singer        GROUP BY singer_id) AS y  ON s.singer_id = y.singer_id  AND s.age = y.youngest_age
SELECT s.name, s.song_release_year  FROM singer AS s  JOIN (SELECT singer_id, MIN(age) AS youngest_age        FROM singer        GROUP BY singer_id) AS y  ON s.singer_id = y.singer_id  AND s.age = y.youngest_age
SELECT s.name, s.song_release_year  FROM singer AS s  JOIN (SELECT singer_id, MIN(age) AS youngest_age        FROM singer        GROUP BY singer_id) AS y  ON s.singer_id = y.singer_id  AND s.age = y.youngest_age
SELECT s.name, s.song_release_year  FROM singer AS s  JOIN (SELECT singer_id, MIN(age) AS youngest_age        FROM singer        GROUP BY singer_id) AS y  ON s.singer_id = y.singer_id  AND s.age = y.youngest_age
SELECT s.name, s.song_release_year  FROM singer AS s  JOIN (SELECT singer_id, MIN(age) AS youngest_age        FROM singer        GROUP BY singer_id) AS y  ON s.singer_id = y.singer_id  AND s.age = y.youngest_age","SELECT s.name, s.song_release_year FROM singer AS s INNER JOIN (     SELECT Singer_ID     FROM singer     ORDER BY age ASC     LIMIT 1 ) AS y ON s.singer_id = y.singer_id
SELECT s.name, s.song_release_year FROM singer AS s INNER JOIN (     SELECT Singer_ID     FROM singer     ORDER BY age ASC     LIMIT 1 ) AS y ON s.singer_id = y.singer_id
SELECT s.name, s.song_release_year FROM singer AS s INNER JOIN (     SELECT Singer_ID     FROM singer     ORDER BY age ASC     LIMIT 1 ) AS y ON s.singer_id = y.singer_id
SELECT s.name, s.song_release_year FROM singer AS s INNER JOIN (     SELECT Singer_ID     FROM singer     ORDER BY age ASC     LIMIT 1 ) AS y ON s.singer_id = y.singer_id
SELECT s.name, s.song_release_year FROM singer AS s INNER JOIN (     SELECT Singer_ID     FROM singer     ORDER BY age ASC     LIMIT 1 ) AS y ON s.singer_id = y.singer_id
SELECT s.name, s.song_release_year FROM singer AS s INNER JOIN (     SELECT Singer_ID     FROM singer     ORDER BY age ASC     LIMIT 1 ) AS y ON s.singer_id = y.singer_id
SELECT s.name, s.song_release_year FROM singer AS s INNER JOIN (     SELECT Singer_ID     FROM singer     ORDER BY age ASC     LIMIT 1 ) AS y ON s.singer_id = y.singer_id",0,0,0,0,"SELECT s.name, s.song_release_year  FROM singer AS s  JOIN (SELECT singer_id, MIN(age) AS youngest_age        FROM singer        GROUP BY singer_id) AS y  ON s.singer_id = y.singer_id  AND s.age = y.youngest_age","SELECT s.name, s.song_release_year FROM singer AS s INNER JOIN (     SELECT Singer_ID     FROM singer     ORDER BY age ASC     LIMIT 1 ) AS y ON s.singer_id = y.singer_id",0,0,0,0
What is the maximum capacity and the average of all stadiums ?,concert_singer,medium,"select max(capacity), average from stadium",7,"SELECT MAX(capacity), AVG(capacity)  FROM stadium
SELECT MAX(capacity), AVG(capacity)  FROM stadium
SELECT MAX(capacity), AVG(capacity)  FROM stadium
SELECT MAX(capacity), AVG(capacity)  FROM stadium
SELECT MAX(capacity), AVG(capacity)  FROM stadium
SELECT MAX(capacity), AVG(capacity)  FROM stadium
SELECT MAX(capacity), AVG(capacity)  FROM stadium","SELECT MAX(capacity), AVG(average) FROM stadium
SELECT MAX(capacity), AVG(average) FROM stadium
SELECT MAX(capacity), AVG(average) FROM stadium
SELECT MAX(capacity), AVG(average) FROM stadium
SELECT MAX(capacity), AVG(average) FROM stadium
SELECT MAX(capacity), AVG(average) FROM stadium
SELECT MAX(capacity), AVG(average) FROM stadium",0,0,0,0,"SELECT MAX(capacity), AVG(capacity)  FROM stadium","SELECT MAX(capacity), AVG(average) FROM stadium",0,0,0,0
"What are the names, countries, and ages for every singer in descending order of age?",concert_singer,medium,"SELECT name ,  country ,  age FROM singer ORDER BY age DESC",7,"SELECT singer.name, singer.country, singer.age FROM singer ORDER BY singer.age DESC
SELECT singer.name, singer.country, singer.age FROM singer ORDER BY singer.age DESC
SELECT singer.name, singer.country, singer.age FROM singer ORDER BY singer.age DESC
SELECT singer.name, singer.country, singer.age FROM singer ORDER BY singer.age DESC
SELECT singer.name, singer.country, singer.age FROM singer ORDER BY singer.age DESC
SELECT singer.name, singer.country, singer.age FROM singer ORDER BY singer.age DESC
SELECT singer.name, singer.country, singer.age FROM singer ORDER BY singer.age DESC","SELECT name, country, age  FROM singer  ORDER BY age DESC
SELECT name, country, age  FROM singer  ORDER BY age DESC
SELECT name, country, age  FROM singer  ORDER BY age DESC
SELECT name, country, age  FROM singer  ORDER BY age DESC
SELECT name, country, age  FROM singer  ORDER BY age DESC
SELECT name, country, age  FROM singer  ORDER BY age DESC
SELECT name, country, age  FROM singer  ORDER BY age DESC",1,1,1,1,"SELECT singer.name, singer.country, singer.age FROM singer ORDER BY singer.age DESC","SELECT name, country, age  FROM singer  ORDER BY age DESC",1,1,1,1
Show the stadium name and the number of concerts in each stadium.,concert_singer,medium,"SELECT T2.name ,  count(*) FROM concert AS T1 JOIN stadium AS T2 ON T1.stadium_id  =  T2.stadium_id GROUP BY T1.stadium_id",7,"SELECT s.name, COUNT(c.concert_id) as num_of_concerts  FROM stadium s  JOIN concert c ON s.stadium_id = c.stadium_id  GROUP BY s.name
SELECT s.name, COUNT(c.concert_id) as num_of_concerts  FROM stadium s  JOIN concert c ON s.stadium_id = c.stadium_id  GROUP BY s.name
SELECT s.name, COUNT(c.concert_id) as num_of_concerts  FROM stadium s  JOIN concert c ON s.stadium_id = c.stadium_id  GROUP BY s.name
SELECT s.name, COUNT(c.concert_id) as num_of_concerts  FROM stadium s  JOIN concert c ON s.stadium_id = c.stadium_id  GROUP BY s.name
SELECT s.name, COUNT(c.concert_id) as num_of_concerts  FROM stadium s  JOIN concert c ON s.stadium_id = c.stadium_id  GROUP BY s.name
SELECT s.name, COUNT(c.concert_id) as num_of_concerts  FROM stadium s  JOIN concert c ON s.stadium_id = c.stadium_id  GROUP BY s.name
SELECT s.name, COUNT(c.concert_id) as num_of_concerts  FROM stadium s  JOIN concert c ON s.stadium_id = c.stadium_id  GROUP BY s.name","SELECT s.name AS stadium_name, COUNT(c.concert_id) AS num_of_concerts FROM stadium AS s JOIN concert AS c ON s.stadium_id = c.stadium_id GROUP BY s.stadium_id
SELECT s.name AS stadium_name, COUNT(c.concert_id) AS num_of_concerts FROM stadium AS s JOIN concert AS c ON s.stadium_id = c.stadium_id GROUP BY s.stadium_id
SELECT s.name AS stadium_name, COUNT(c.concert_id) AS num_of_concerts FROM stadium AS s JOIN concert AS c ON s.stadium_id = c.stadium_id GROUP BY s.stadium_id
SELECT s.name AS stadium_name, COUNT(c.concert_id) AS num_of_concerts FROM stadium AS s JOIN concert AS c ON s.stadium_id = c.stadium_id GROUP BY s.stadium_id
SELECT s.name AS stadium_name, COUNT(c.concert_id) AS num_of_concerts FROM stadium AS s JOIN concert AS c ON s.stadium_id = c.stadium_id GROUP BY s.stadium_id
SELECT s.name AS stadium_name, COUNT(c.concert_id) AS num_of_concerts FROM stadium AS s JOIN concert AS c ON s.stadium_id = c.stadium_id GROUP BY s.stadium_id
SELECT s.name AS stadium_name, COUNT(c.concert_id) AS num_of_concerts FROM stadium AS s JOIN concert AS c ON s.stadium_id = c.stadium_id GROUP BY s.stadium_id",0,1,0,1,"SELECT s.name, COUNT(c.concert_id) as num_of_concerts  FROM stadium s  JOIN concert c ON s.stadium_id = c.stadium_id  GROUP BY s.name","SELECT s.name AS stadium_name, COUNT(c.concert_id) AS num_of_concerts FROM stadium AS s JOIN concert AS c ON s.stadium_id = c.stadium_id GROUP BY s.stadium_id",0,1,0,1
